vial_num,vial_letter,adj_age,X0000,X0001,X0010,X0011,X0100,X0101,X0110,X0111,X1000,X1001,X1010,X1011,X1100,X1101,X1110,X1111,num_offspring,MaternalVial,Treatment,PaternalStock,min_age,max_age,num_moms,age_diff,avg_age
1,A,2,45,14,0,6,0,0,0,1,0,0,0,0,5,1,11,30,248,16,1x,42,2,2,10,0,2
1,B,4,47,15,1,7,0,0,0,0,3,0,0,0,9,2,13,31,274,16,1x,42,2,2,10,0,2
1,C,6,36,17,0,5,0,0,0,1,3,2,0,0,9,1,10,29,168,16,1x,42,2,2,10,0,2
1,D,8,29,10,0,5,0,0,3,2,2,0,0,0,6,1,14,25,181,16,1x,42,2,2,10,0,2
10,C,6,14,2,0,2,0,0,0,1,1,0,0,0,2,0,4,12,92,53,2x,217,2,2,10,0,2
10,D,8,48,18,2,2,0,0,4,0,2,0,0,0,12,3,11,32,313,53,2x,217,2,2,10,0,2
10,B,4,16,4,0,5,0,0,0,1,1,2,0,0,0,1,3,17,103,53,2x,217,2,2,10,0,2
10,A,2,54,19,1,7,0,0,1,3,1,0,0,0,6,1,8,37,323,53,2x,217,2,2,10,0,2
100,D,12,31,12,1,2,1,0,2,2,0,0,0,0,3,0,9,18,206,47,0.5x,217,6,6,7,0,6
100,C,10,25,12,3,3,0,0,0,3,3,0,0,0,4,0,7,11,138,47,0.5x,217,6,6,7,0,6
100,B,8,16,14,0,6,0,0,0,0,3,0,0,0,10,2,11,16,223,47,0.5x,217,6,6,7,0,6
100,A,6,43,20,4,4,0,0,0,1,0,1,0,0,5,3,12,50,311,47,0.5x,217,6,6,7,0,6
101,B,6.5,6,5,0,1,0,0,0,0,1,0,0,0,2,0,1,4,48,75,1x,42,4,5,7,1,4.5
101,C,8.5,6,7,0,1,0,0,0,4,1,0,0,0,3,1,3,9,114,75,1x,42,4,5,7,1,4.5
101,A,4.5,12,6,0,7,0,0,0,3,2,1,0,0,7,0,8,19,155,75,1x,42,4,5,7,1,4.5
101,D,10.5,13,6,0,4,0,0,0,4,0,1,0,0,6,2,4,18,143,75,1x,42,4,5,7,1,4.5
102,D,10,13,0,0,0,0,0,0,0,0,0,0,0,0,0,0,0,25,74,2x,42,4,4,10,0,4
102,C,8,18,0,0,0,0,0,0,0,0,0,0,0,0,0,0,0,31,74,2x,42,4,4,10,0,4
102,A,4,27,0,0,0,0,0,0,0,0,0,0,0,0,0,0,0,49,74,2x,42,4,4,10,0,4
102,B,6,18,1,0,2,0,0,0,0,0,0,0,0,0,0,0,1,42,74,2x,42,4,4,10,0,4
103,D,12,0,0,0,0,0,0,0,0,0,0,0,0,0,0,0,0,0,61,0.5x,42,6,6,7,0,6
103,A,6,0,0,0,0,0,0,0,0,0,0,0,0,0,0,0,0,0,61,0.5x,42,6,6,7,0,6
103,B,8,0,0,0,0,0,0,0,0,0,0,0,0,0,0,0,0,0,61,0.5x,42,6,6,7,0,6
103,C,10,0,0,0,0,0,0,0,0,0,0,0,0,0,0,0,0,0,61,0.5x,42,6,6,7,0,6
104,D,10,26,12,1,5,0,0,0,2,0,0,0,0,4,1,4,24,178,66,2x,217,4,4,10,0,4
104,A,4,44,12,1,3,0,0,0,1,3,1,0,0,9,1,15,42,281,66,2x,217,4,4,10,0,4
104,C,8,20,5,0,2,0,0,1,0,2,0,0,0,1,1,2,12,129,66,2x,217,4,4,10,0,4
104,B,6,10,2,0,2,0,0,0,0,2,1,0,0,4,0,2,14,83,66,2x,217,4,4,10,0,4
105,D,13,30,23,1,7,0,0,0,5,2,0,0,0,6,1,12,27,230,53,2x,217,7,7,6,0,7
105,C,11,5,6,0,0,0,0,0,0,0,0,0,0,2,0,0,6,65,53,2x,217,7,7,6,0,7
105,B,9,15,4,1,2,0,0,1,5,3,3,0,0,7,0,12,21,197,53,2x,217,7,7,6,0,7
105,A,7,11,3,0,1,0,0,0,0,0,1,0,0,3,1,5,8,80,53,2x,217,7,7,6,0,7
106,B,8,36,9,0,3,0,0,2,4,1,2,0,0,12,0,18,20,254,57,1x,217,6,6,7,0,6
106,D,12,20,13,2,3,0,0,0,5,0,0,0,0,5,1,0,13,153,57,1x,217,6,6,7,0,6
106,A,6,7,4,0,0,0,0,0,1,0,0,0,0,2,0,4,7,49,57,1x,217,6,6,7,0,6
106,C,10,3,1,0,3,0,0,0,1,1,1,0,0,2,2,1,7,113,57,1x,217,6,6,7,0,6
107,C,9,33,16,0,8,0,0,0,1,1,1,0,0,10,0,5,33,265,69,1x,217,5,5,9,0,5
107,A,5,21,9,0,2,0,0,2,2,2,1,0,0,2,1,5,15,167,69,1x,217,5,5,9,0,5
107,B,7,30,11,3,11,0,0,1,1,4,0,0,0,9,0,9,24,214,69,1x,217,5,5,9,0,5
107,D,11,23,8,0,6,0,0,0,2,2,1,0,0,6,0,10,18,173,69,1x,217,5,5,9,0,5
108,B,7.5,19,6,0,2,0,0,0,0,1,0,0,0,6,0,4,15,117,72,1x,42,5,6,11,1,5.5
108,C,9.5,7,3,0,1,0,0,0,2,0,0,0,0,1,0,0,3,27,72,1x,42,5,6,11,1,5.5
108,D,11.5,8,3,0,4,0,0,0,0,0,0,0,0,0,0,2,10,73,72,1x,42,5,6,11,1,5.5
108,A,5.5,18,9,0,6,0,0,0,1,1,0,0,0,3,1,2,13,107,72,1x,42,5,6,11,1,5.5
109,C,8.5,5,3,1,5,0,0,0,1,3,0,0,0,2,4,5,9,99,73,2x,42,4,5,6,1,4.5
109,D,10.5,8,8,0,7,0,0,0,0,2,1,0,0,6,1,0,5,88,73,2x,42,4,5,6,1,4.5
109,A,4.5,23,15,0,11,0,0,0,3,4,0,0,0,11,0,8,29,205,73,2x,42,4,5,6,1,4.5
109,B,6.5,7,3,0,1,0,0,0,3,1,0,0,0,5,0,1,4,57,73,2x,42,4,5,6,1,4.5
11,B,4,26,12,0,5,0,0,1,0,2,0,0,0,5,1,7,35,198,53,2x,217,2,2,10,0,2
11,C,6,34,21,1,6,0,0,0,2,5,0,0,0,8,5,9,34,288,53,2x,217,2,2,10,0,2
11,A,2,25,7,1,1,0,0,0,0,2,0,0,0,1,1,6,27,184,53,2x,217,2,2,10,0,2
11,D,8,8,7,1,0,0,0,0,1,0,0,0,0,0,0,2,7,54,53,2x,217,2,2,10,0,2
110,A,5,19,4,0,8,0,0,1,3,3,0,0,0,7,1,11,16,166,51,0.5x,42,5,5,7,0,5
110,B,7,16,12,0,2,0,0,0,3,9,0,0,0,10,1,7,17,158,51,0.5x,42,5,5,7,0,5
110,D,11,23,7,1,2,0,0,1,5,2,1,0,0,10,2,7,14,172,51,0.5x,42,5,5,7,0,5
110,C,9,4,3,1,5,0,0,0,0,0,0,0,0,0,0,0,9,48,51,0.5x,42,5,5,7,0,5
111,B,7,0,0,0,0,0,0,0,0,0,0,0,0,0,0,0,0,0,61,0.5x,42,5,5,6,0,5
111,D,11,0,0,0,0,0,0,0,0,0,0,0,0,0,0,0,0,0,61,0.5x,42,5,5,6,0,5
111,A,5,0,0,0,0,0,0,0,0,0,0,0,0,0,0,0,0,0,61,0.5x,42,5,5,6,0,5
111,C,9,0,0,0,0,0,0,0,0,0,0,0,0,0,0,0,0,0,61,0.5x,42,5,5,6,0,5
112,C,10,13,8,2,7,0,0,0,0,0,0,0,0,6,1,3,15,152,40,2x,217,5,7,6,2,6
112,B,8,9,12,0,8,0,0,0,2,3,2,0,0,7,2,7,18,160,40,2x,217,5,7,6,2,6
112,A,6,22,10,2,3,0,0,0,1,1,2,0,0,9,5,0,25,148,40,2x,217,5,7,6,2,6
112,D,12,20,5,0,2,0,0,0,2,2,0,0,0,6,1,2,7,93,40,2x,217,5,7,6,2,6
113,C,8,25,12,2,5,0,0,0,2,4,0,0,0,6,0,9,25,216,17,0.5x,217,4,4,6,0,4
113,A,4,23,6,0,4,2,0,0,1,5,0,0,0,11,0,8,22,201,17,0.5x,217,4,4,6,0,4
113,B,6,29,9,0,8,0,0,0,5,0,0,0,0,7,0,8,28,205,17,0.5x,217,4,4,6,0,4
113,D,10,19,8,0,2,0,0,0,0,2,0,0,0,3,2,5,7,112,17,0.5x,217,4,4,6,0,4
114,D,11,24,11,2,5,0,0,0,2,1,0,0,0,6,0,6,16,215,57,1x,217,5,5,9,0,5
114,A,5,34,8,0,1,0,0,0,2,1,1,0,0,6,0,7,22,208,57,1x,217,5,5,9,0,5
114,B,7,19,2,0,2,0,0,0,0,0,0,0,0,3,0,1,3,55,57,1x,217,5,5,9,0,5
114,C,9,31,9,0,3,0,0,0,0,2,0,0,0,6,0,5,20,261,57,1x,217,5,5,9,0,5
115,D,11,10,8,0,3,0,0,0,0,1,0,0,0,3,0,2,12,92,25,0.5x,217,4,6,7,2,5
115,C,9,21,3,1,5,0,0,0,2,0,1,0,0,1,0,6,9,157,25,0.5x,217,4,6,7,2,5
115,B,7,7,5,0,5,0,0,2,2,6,0,0,0,1,0,0,7,127,25,0.5x,217,4,6,7,2,5
115,A,5,26,12,1,4,0,0,1,5,0,2,0,0,2,0,4,14,200,25,0.5x,217,4,6,7,2,5
116,A,4.5,12,4,2,11,0,0,0,2,3,0,0,0,8,1,5,22,146,54,0.5x,42,4,5,7,1,4.5
116,C,8.5,21,8,1,3,0,0,0,4,3,1,0,0,10,1,7,22,204,54,0.5x,42,4,5,7,1,4.5
116,B,6.5,11,2,0,3,0,0,0,0,1,0,0,0,4,0,2,9,64,54,0.5x,42,4,5,7,1,4.5
116,D,10.5,10,6,0,3,0,0,0,1,0,1,0,0,5,0,1,20,92,54,0.5x,42,4,5,7,1,4.5
117,C,11,27,8,1,7,0,0,0,3,5,0,0,0,14,3,5,22,255,49,2x,42,7,7,8,0,7
117,D,13,7,1,0,1,0,0,0,1,0,0,0,0,0,0,2,5,62,49,2x,42,7,7,8,0,7
117,A,7,13,1,0,0,0,0,0,1,0,1,0,0,9,1,2,13,93,49,2x,42,7,7,8,0,7
117,B,9,12,6,0,8,0,0,0,0,0,0,0,0,6,1,0,5,104,49,2x,42,7,7,8,0,7
118,D,12,4,2,1,4,0,0,1,0,0,0,0,0,5,0,3,4,69,49,2x,42,6,6,8,0,6
118,C,10,11,1,0,0,0,0,0,0,1,1,0,0,7,0,2,5,149,49,2x,42,6,6,8,0,6
118,A,6,21,5,2,3,0,0,0,1,2,0,0,0,9,1,7,15,129,49,2x,42,6,6,8,0,6
118,B,8,27,9,1,5,0,0,0,1,0,0,0,0,8,1,5,17,149,49,2x,42,6,6,8,0,6
119,D,11,4,0,0,1,0,0,0,0,0,0,0,0,2,0,1,5,38,55,1x,42,5,5,6,0,5
119,B,7,10,9,0,1,0,0,0,1,4,0,0,0,1,0,3,7,83,55,1x,42,5,5,6,0,5
119,C,9,4,0,0,3,0,0,0,0,0,2,0,0,2,0,2,4,51,55,1x,42,5,5,6,0,5
119,A,5,10,4,0,0,0,0,0,2,0,0,0,0,2,0,4,14,93,55,1x,42,5,5,6,0,5
12,C,6,0,0,0,0,0,0,0,0,0,0,0,0,0,0,0,0,0,55,1x,42,2,2,10,0,2
12,A,2,0,0,0,0,0,0,0,0,0,0,0,0,0,0,0,0,0,55,1x,42,2,2,10,0,2
12,B,4,0,0,0,0,0,0,0,0,0,0,0,0,0,0,0,0,0,55,1x,42,2,2,10,0,2
12,D,8,0,0,0,0,0,0,0,0,0,0,0,0,0,0,0,0,0,55,1x,42,2,2,10,0,2
120,B,8.5,8,3,0,2,0,0,0,0,0,0,0,0,3,0,4,8,78,13,2x,217,6,7,9,1,6.5
120,A,6.5,10,8,0,0,0,0,0,0,1,0,0,0,3,1,1,4,53,13,2x,217,6,7,9,1,6.5
120,D,12.5,25,13,0,4,0,0,1,3,2,0,0,0,7,0,3,15,155,13,2x,217,6,7,9,1,6.5
120,C,10.5,29,12,1,9,0,0,0,3,7,0,0,0,8,1,12,28,292,13,2x,217,6,7,9,1,6.5
121,D,12,18,8,0,3,0,0,0,3,1,0,0,0,3,2,1,6,125,53,2x,217,6,6,8,0,6
121,C,10,32,11,0,9,0,0,0,3,9,0,0,0,8,0,10,26,287,53,2x,217,6,6,8,0,6
121,A,6,32,4,0,3,0,0,0,0,2,0,0,0,2,0,5,19,179,53,2x,217,6,6,8,0,6
121,B,8,17,6,1,4,0,0,1,1,0,0,0,0,6,2,12,19,198,53,2x,217,6,6,8,0,6
122,D,12,12,5,0,4,0,0,0,2,0,2,0,0,6,3,4,17,127,45,0.5x,217,6,6,7,0,6
122,C,10,12,6,0,4,0,0,0,0,0,1,0,0,5,6,3,11,132,45,0.5x,217,6,6,7,0,6
122,B,8,12,6,1,4,0,0,0,1,1,0,0,0,6,0,3,10,132,45,0.5x,217,6,6,7,0,6
122,A,6,39,15,1,6,0,0,0,2,4,1,0,0,5,0,14,29,207,45,0.5x,217,6,6,7,0,6
123,C,9,39,7,3,9,0,0,1,6,9,0,0,0,10,4,11,18,285,50,2x,42,5,5,9,0,5
123,D,11,12,1,0,1,0,0,0,2,2,1,0,0,7,0,1,7,97,50,2x,42,5,5,9,0,5
123,B,7,9,5,2,1,0,0,0,0,2,0,0,0,0,3,1,2,58,50,2x,42,5,5,9,0,5
123,A,5,26,8,0,8,0,0,0,1,1,0,0,0,7,0,8,10,178,50,2x,42,5,5,9,0,5
124,D,12,6,3,0,2,0,0,0,3,0,0,0,0,0,0,5,10,97,39,1x,42,6,6,10,0,6
124,A,6,15,8,0,7,0,0,0,1,1,0,0,0,3,0,1,15,121,39,1x,42,6,6,10,0,6
124,C,10,23,12,2,11,0,0,1,9,10,2,0,0,18,2,14,26,290,39,1x,42,6,6,10,0,6
124,B,8,21,18,1,12,0,0,3,1,7,1,0,0,11,5,18,23,256,39,1x,42,6,6,10,0,6
125,A,6,0,0,0,0,0,0,0,0,0,0,0,0,0,0,0,0,0,48,0.5x,42,6,6,6,0,6
125,C,10,0,0,0,0,0,0,0,0,0,0,0,0,0,0,0,0,0,48,0.5x,42,6,6,6,0,6
125,D,12,0,0,0,0,0,0,0,0,0,0,0,0,0,0,0,0,0,48,0.5x,42,6,6,6,0,6
125,B,8,1,0,0,0,0,0,0,0,0,0,0,0,0,0,0,1,7,48,0.5x,42,6,6,6,0,6
126,A,6,6,6,0,4,0,0,0,2,2,0,0,0,5,1,4,12,87,38,0.5x,42,6,6,9,0,6
126,B,8,20,3,0,3,0,0,0,3,1,0,0,0,3,0,3,11,89,38,0.5x,42,6,6,9,0,6
126,D,12,8,2,0,1,0,0,0,0,1,1,0,0,0,0,1,7,35,38,0.5x,42,6,6,9,0,6
126,C,10,11,4,0,1,0,0,0,0,2,0,0,0,3,0,1,8,57,38,0.5x,42,6,6,9,0,6
127,C,8,0,0,0,0,0,0,0,0,0,0,0,0,0,0,0,0,0,34,2x,42,4,4,7,0,4
127,D,10,0,0,0,0,0,0,0,0,0,0,0,0,0,0,0,0,0,34,2x,42,4,4,7,0,4
127,A,4,0,0,0,0,0,0,0,0,0,0,0,0,0,0,0,0,0,34,2x,42,4,4,7,0,4
128,A,5,30,9,1,5,0,0,0,2,1,0,0,0,2,2,12,28,204,14,1x,217,5,5,6,0,5
128,B,7,21,4,0,2,0,0,1,1,2,1,0,0,5,0,6,17,179,14,1x,217,5,5,6,0,5
128,D,11,33,15,0,6,0,0,0,3,1,1,0,0,9,0,9,28,238,14,1x,217,5,5,6,0,5
128,C,9,28,8,0,11,0,0,0,2,7,1,0,0,6,0,8,26,260,14,1x,217,5,5,6,0,5
13,A,5,31,13,1,5,0,0,0,4,0,0,0,0,7,0,6,19,180,25,0.5x,217,5,5,8,0,5
13,C,9,5,1,0,3,0,0,1,0,1,0,0,0,1,1,2,1,53,25,0.5x,217,5,5,8,0,5
13,B,7,20,21,1,3,0,0,0,0,0,1,0,0,6,8,3,23,214,25,0.5x,217,5,5,8,0,5
13,D,11,39,14,3,9,0,0,0,1,1,2,0,0,8,0,4,22,271,25,0.5x,217,5,5,8,0,5
130,B,7.5,18,7,1,4,1,0,2,2,3,1,0,0,6,0,3,16,157,4,1x,217,5,6,8,1,5.5
130,A,5.5,27,12,0,14,0,0,0,1,4,0,0,0,2,0,7,31,249,4,1x,217,5,6,8,1,5.5
130,C,9.5,9,8,0,3,0,0,0,1,2,0,0,0,5,0,3,4,135,4,1x,217,5,6,8,1,5.5
130,D,11.5,11,2,0,2,0,0,1,1,0,0,0,0,1,0,6,4,100,4,1x,217,5,6,8,1,5.5
131,C,9,43,13,0,9,0,0,0,5,4,3,0,0,15,1,7,25,313,13,2x,217,5,5,9,0,5
131,A,5,27,7,3,5,0,0,0,1,0,0,0,0,1,0,11,24,179,13,2x,217,5,5,9,0,5
131,B,7,18,2,0,9,0,0,0,2,1,0,0,0,3,0,3,16,136,13,2x,217,5,5,9,0,5
131,D,11,14,3,1,2,0,0,0,3,3,1,0,0,5,0,7,16,121,13,2x,217,5,5,9,0,5
132,C,10,31,5,4,8,0,0,0,2,2,0,1,0,6,0,4,25,278,9,1x,217,5,7,7,2,6
132,A,6,51,20,1,7,0,0,1,9,4,0,0,0,9,4,12,25,305,9,1x,217,5,7,7,2,6
132,B,8,26,16,0,5,0,0,0,2,2,0,0,0,4,0,8,20,182,9,1x,217,5,7,7,2,6
132,D,12,22,7,0,8,0,0,0,1,3,2,0,0,5,1,5,22,168,9,1x,217,5,7,7,2,6
133,B,7.5,16,6,0,2,0,0,2,4,1,1,0,0,8,0,3,12,131,12,0.5x,217,5,6,6,1,5.5
133,A,5.5,24,7,0,1,0,0,0,1,1,0,0,0,9,0,9,30,188,12,0.5x,217,5,6,6,1,5.5
133,C,9.5,34,15,1,7,0,0,0,4,4,0,0,0,10,2,9,13,230,12,0.5x,217,5,6,6,1,5.5
133,D,11.5,12,6,0,2,0,0,2,4,1,0,0,0,5,0,7,9,114,12,0.5x,217,5,6,6,1,5.5
134,B,8,9,0,0,4,0,0,0,2,3,0,0,0,3,0,3,8,74,35,0.5x,42,6,6,6,0,6
134,D,12,11,4,0,4,0,0,0,1,2,1,0,0,5,0,4,4,69,35,0.5x,42,6,6,6,0,6
134,C,10,14,8,0,14,0,0,0,1,3,2,0,0,7,0,11,26,176,35,0.5x,42,6,6,6,0,6
134,A,6,9,3,0,8,0,0,1,1,2,1,0,0,2,5,1,10,90,35,0.5x,42,6,6,6,0,6
135,B,8.5,0,0,0,0,0,0,0,0,0,0,0,0,0,0,0,0,0,33,0.5x,42,6,7,8,1,6.5
135,A,6.5,0,0,0,0,0,0,0,0,0,0,0,0,0,0,0,0,0,33,0.5x,42,6,7,8,1,6.5
135,C,10.5,0,0,0,0,0,0,0,0,0,0,0,0,0,0,0,0,0,33,0.5x,42,6,7,8,1,6.5
135,D,12.5,0,0,0,0,0,0,0,0,0,0,0,0,0,0,0,0,0,33,0.5x,42,6,7,8,1,6.5
137,C,10.5,29,11,0,9,0,0,1,2,1,1,0,0,13,2,15,27,243,32,0.5x,42,6,7,8,1,6.5
137,D,12.5,15,6,0,2,0,0,0,0,1,1,0,0,3,0,4,8,88,32,0.5x,42,6,7,8,1,6.5
137,B,8.5,8,3,1,8,0,0,1,0,1,0,0,0,3,1,1,10,104,32,0.5x,42,6,7,8,1,6.5
137,A,6.5,11,6,0,4,0,0,0,3,2,0,0,0,4,1,3,7,89,32,0.5x,42,6,7,8,1,6.5
138,B,9,13,4,0,2,0,0,0,0,1,0,0,0,2,0,3,10,77,34,2x,42,7,7,6,0,7
138,D,13,14,3,0,1,0,0,0,0,0,1,0,0,2,0,2,12,68,34,2x,42,7,7,6,0,7
138,A,7,2,1,0,0,0,0,0,1,0,0,0,0,0,3,3,9,37,34,2x,42,7,7,6,0,7
138,C,11,21,4,1,5,0,0,0,2,1,0,0,0,1,1,5,12,106,34,2x,42,7,7,6,0,7
139,D,12,14,2,0,0,0,0,0,3,2,0,0,0,3,1,6,15,150,21,0.5x,42,5,7,7,2,6
139,C,10,32,16,1,8,0,0,0,3,6,1,0,0,19,0,8,29,288,21,0.5x,42,5,7,7,2,6
139,A,6,18,9,0,6,0,0,1,8,1,0,0,0,9,1,8,12,161,21,0.5x,42,5,7,7,2,6
139,B,8,13,203,0,4,0,0,1,2,1,0,0,0,6,1,3,8,99,21,0.5x,42,5,7,7,2,6
14,A,7,40,12,0,2,0,0,0,2,2,0,0,0,7,3,5,57,241,24,2x,217,7,7,6,0,7
14,B,9,30,11,0,5,0,0,0,1,3,1,0,0,9,1,5,26,208,24,2x,217,7,7,6,0,7
14,D,13,40,13,2,8,0,0,0,4,0,1,0,0,7,1,6,38,283,24,2x,217,7,7,6,0,7
14,C,11,15,3,0,5,0,0,0,1,1,0,0,0,4,0,3,4,100,24,2x,217,7,7,6,0,7
140,D,12,7,2,0,2,0,0,0,1,0,0,0,0,0,0,3,5,63,50,2x,42,6,6,6,0,6
140,B,8,8,0,0,5,0,0,0,0,0,0,0,0,3,0,5,11,72,50,2x,42,6,6,6,0,6
140,A,6,13,4,0,3,0,0,0,0,1,0,0,0,0,0,2,8,86,50,2x,42,6,6,6,0,6
140,C,10,29,5,0,9,0,0,0,4,2,0,0,0,9,0,8,17,218,50,2x,42,6,6,6,0,6
141,A,3.5,0,0,0,0,0,0,0,0,0,0,0,0,0,0,0,0,1,20,1x,42,3,4,6,1,3.5
141,B,5.5,6,0,1,5,0,0,0,3,0,0,0,0,3,0,1,9,61,20,1x,42,3,4,6,1,3.5
141,D,9.5,3,1,1,3,0,0,0,1,3,0,0,0,3,0,1,4,47,20,1x,42,3,4,6,1,3.5
141,C,7.5,5,2,1,5,0,0,0,2,2,2,0,0,2,0,1,8,68,20,1x,42,3,4,6,1,3.5
142,A,4.5,3,0,0,0,0,0,0,0,0,0,0,0,0,0,0,1,6,2,2x,42,4,5,6,1,4.5
142,B,6.5,0,0,0,0,0,0,0,0,0,0,0,0,0,0,0,1,4,2,2x,42,4,5,6,1,4.5
142,D,10.5,0,0,0,0,0,0,0,0,0,0,0,0,0,0,0,0,0,2,2x,42,4,5,6,1,4.5
142,C,8.5,1,0,0,0,0,0,0,0,0,0,0,0,0,1,0,0,5,2,2x,42,4,5,6,1,4.5
147,D,9,24,16,2,7,0,0,0,7,2,0,0,0,8,1,5,11,204,44,1x,217,3,3,9,0,3
147,A,3,38,16,0,4,0,0,0,0,1,0,0,0,7,0,5,25,259,44,1x,217,3,3,9,0,3
147,C,7,49,16,1,12,0,0,2,2,5,0,0,0,8,3,7,25,293,44,1x,217,3,3,9,0,3
147,B,5,25,9,2,3,0,0,1,2,1,0,0,0,3,0,4,16,144,44,1x,217,3,3,9,0,3
148,B,4.5,38,14,0,6,0,0,0,4,0,0,0,0,8,0,5,43,243,30,1x,217,2,3,8,1,2.5
148,D,8.5,35,13,3,4,0,0,0,0,1,0,0,0,5,0,9,21,231,30,1x,217,2,3,8,1,2.5
148,C,6.5,39,16,0,5,0,0,0,2,3,0,0,0,2,0,12,16,223,30,1x,217,2,3,8,1,2.5
148,A,2.5,13,7,0,1,0,0,0,0,0,0,0,0,3,0,4,18,97,30,1x,217,2,3,8,1,2.5
149,B,4.5,34,10,0,4,0,0,0,1,2,1,0,0,3,0,4,15,160,4,1x,217,2,3,7,1,2.5
149,D,8.5,21,16,3,1,0,0,0,1,2,0,0,0,8,0,5,10,136,4,1x,217,2,3,7,1,2.5
149,A,2.5,15,5,1,1,0,0,1,0,1,0,0,0,2,0,1,15,96,4,1x,217,2,3,7,1,2.5
149,C,6.5,42,13,0,7,0,0,1,5,3,0,0,0,3,1,9,21,240,4,1x,217,2,3,7,1,2.5
15,C,9,10,4,0,3,0,0,0,2,0,0,1,0,0,0,1,6,62,29,0.5x,217,5,5,8,0,5
15,D,11,53,9,0,13,0,0,1,1,2,0,0,0,9,1,12,45,313,29,0.5x,217,5,5,8,0,5
15,B,7,14,7,1,6,0,0,0,3,1,0,0,0,5,0,5,16,126,29,0.5x,217,5,5,8,0,5
15,A,5,18,6,0,4,0,0,0,1,0,0,0,0,0,0,3,10,90,29,0.5x,217,5,5,8,0,5
150,D,8,27,16,0,7,0,0,0,5,0,0,0,0,8,0,7,11,201,12,0.5x,217,2,2,6,0,2
150,B,4,5,7,0,0,0,0,1,0,0,0,0,0,4,0,4,10,96,12,0.5x,217,2,2,6,0,2
150,A,2,16,6,0,1,0,0,0,1,1,0,0,0,3,1,7,9,110,12,0.5x,217,2,2,6,0,2
150,C,6,14,7,1,4,0,0,0,1,0,0,0,0,11,1,8,22,164,12,0.5x,217,2,2,6,0,2
151,B,4.5,10,7,0,5,0,0,0,2,0,0,0,0,5,0,4,8,119,7,0.5x,42,2,3,8,1,2.5
151,D,8.5,15,10,0,6,0,0,0,0,0,0,0,0,1,0,1,13,109,7,0.5x,42,2,3,8,1,2.5
151,C,6.5,22,6,1,7,0,0,0,0,0,0,0,0,4,0,3,24,123,7,0.5x,42,2,3,8,1,2.5
151,A,2.5,16,12,0,2,0,0,0,0,3,0,0,0,7,0,5,11,134,7,0.5x,42,2,3,8,1,2.5
152,D,8,9,3,0,1,0,0,0,1,1,0,0,0,2,0,5,5,59,39,1x,42,2,2,7,0,2
152,A,2,15,6,0,4,0,0,2,3,0,1,0,0,3,4,2,17,123,39,1x,42,2,2,7,0,2
152,B,4,5,3,0,1,0,0,0,1,2,1,1,0,3,0,0,3,37,39,1x,42,2,2,7,0,2
152,C,6,8,3,0,4,0,0,0,1,0,0,0,0,1,0,5,10,58,39,1x,42,2,2,7,0,2
153,B,4,5,1,0,0,0,0,0,0,0,0,0,0,2,0,1,1,34,38,0.5x,42,2,2,7,0,2
153,C,6,17,8,1,7,0,0,0,1,4,1,0,0,4,0,5,16,134,38,0.5x,42,2,2,7,0,2
153,A,2,31,21,0,5,0,0,0,1,5,0,0,0,13,1,11,25,230,38,0.5x,42,2,2,7,0,2
153,D,8,6,2,0,1,0,0,0,3,2,0,0,0,2,0,0,4,62,38,0.5x,42,2,2,7,0,2
154,B,5,11,4,0,5,0,0,0,1,4,0,0,0,2,2,1,5,69,23,0.5x,42,2,4,6,2,3
154,A,3,24,9,3,7,0,0,0,2,2,0,0,0,10,1,4,18,183,23,0.5x,42,2,4,6,2,3
154,C,7,4,2,0,1,0,0,0,0,2,0,0,0,1,0,1,3,45,23,0.5x,42,2,4,6,2,3
154,D,9,4,0,0,0,0,0,0,0,0,0,0,0,1,0,2,3,31,23,0.5x,42,2,4,6,2,3
155,B,4.5,12,0,1,3,0,0,0,2,0,1,0,0,1,0,2,11,83,11,0.5x,42,2,3,6,1,2.5
155,D,8.5,5,1,0,3,0,0,0,1,0,0,0,0,0,0,1,2,47,11,0.5x,42,2,3,6,1,2.5
155,C,6.5,6,2,0,4,0,0,0,1,0,1,0,0,0,0,2,7,53,11,0.5x,42,2,3,6,1,2.5
155,A,2.5,25,6,0,2,0,0,1,1,3,0,0,0,7,2,4,17,149,11,0.5x,42,2,3,6,1,2.5
156,B,4.5,12,2,1,2,0,0,2,3,4,0,0,0,0,0,0,7,110,43,1x,42,2,3,7,1,2.5
156,A,2.5,22,12,0,6,0,0,1,4,2,0,0,0,6,1,8,7,171,43,1x,42,2,3,7,1,2.5
156,C,6.5,2,1,0,0,0,0,0,1,0,0,0,0,0,0,1,0,11,43,1x,42,2,3,7,1,2.5
156,D,8.5,27,9,0,8,0,0,0,4,1,0,0,0,13,1,5,20,219,43,1x,42,2,3,7,1,2.5
157,B,4,0,0,0,0,0,0,0,0,0,0,0,0,0,0,0,0,2,55,1x,42,2,2,6,0,2
157,D,8,0,0,0,0,0,0,0,0,0,0,0,0,0,0,0,0,0,55,1x,42,2,2,6,0,2
157,C,6,0,0,0,0,0,0,0,0,0,0,0,0,0,0,0,0,0,55,1x,42,2,2,6,0,2
157,A,2,0,0,0,0,0,0,0,0,0,0,0,0,0,0,0,0,1,55,1x,42,2,2,6,0,2
158,B,4.5,0,0,0,0,0,0,0,0,0,0,0,0,0,0,0,0,1,19,0.5x,42,2,3,6,1,2.5
158,D,8.5,0,0,0,0,0,0,0,0,0,0,0,0,0,0,0,1,3,19,0.5x,42,2,3,6,1,2.5
158,C,6.5,0,0,0,0,0,0,0,0,0,0,0,0,0,0,0,0,0,19,0.5x,42,2,3,6,1,2.5
158,A,2.5,0,0,0,0,0,0,0,0,0,0,0,0,0,0,0,0,1,19,0.5x,42,2,3,6,1,2.5
159,A,2,7,3,0,0,0,0,0,0,3,2,0,0,2,1,3,9,71,61,0.5x,42,2,2,8,0,2
159,B,4,10,3,0,2,0,0,0,0,1,0,0,0,3,0,2,4,63,61,0.5x,42,2,2,8,0,2
159,D,8,5,1,0,2,0,0,0,0,1,0,0,0,1,1,4,3,40,61,0.5x,42,2,2,8,0,2
159,C,6,3,0,1,0,0,0,0,0,0,0,0,0,0,0,0,0,15,61,0.5x,42,2,2,8,0,2
160,B,4.5,12,3,0,2,0,0,0,0,1,1,0,0,3,0,7,17,112,31,1x,42,2,3,6,1,2.5
160,D,8.5,14,3,0,2,0,0,0,4,1,1,0,0,0,0,2,23,113,31,1x,42,2,3,6,1,2.5
160,C,6.5,4,1,0,0,0,0,0,0,0,0,0,0,1,1,0,3,16,31,1x,42,2,3,6,1,2.5
160,A,2.5,7,4,0,0,0,0,0,1,0,0,0,0,1,0,1,9,45,31,1x,42,2,3,6,1,2.5
161,D,9,0,0,0,0,0,0,0,0,0,0,0,0,0,0,0,0,0,35,0.5x,42,3,3,7,0,3
161,B,5,0,0,0,0,0,0,0,0,0,0,0,0,0,0,0,0,0,35,0.5x,42,3,3,7,0,3
161,C,7,0,0,0,0,0,0,0,0,0,0,0,0,0,0,0,0,0,35,0.5x,42,3,3,7,0,3
161,A,3,0,0,0,0,0,0,0,0,0,0,0,0,0,0,0,0,0,35,0.5x,42,3,3,7,0,3
162,A,3,15,0,0,0,0,0,0,0,0,0,0,0,0,0,0,0,41,6,0.5x,42,2,4,6,2,3
162,C,7,5,0,0,1,0,0,1,2,1,0,0,0,1,0,0,7,33,6,0.5x,42,2,4,6,2,3
162,D,9,7,9,0,4,0,0,1,1,2,1,0,0,1,0,6,9,63,6,0.5x,42,2,4,6,2,3
162,B,5,25,5,0,3,0,0,1,1,1,1,0,0,9,0,12,25,174,6,0.5x,42,2,4,6,2,3
163,A,4,37,6,2,8,0,0,0,4,2,0,0,0,9,1,12,32,251,76,0.5x,42,4,4,7,0,4
163,D,10,28,10,0,1,0,0,0,4,2,0,0,0,10,1,4,14,150,76,0.5x,42,4,4,7,0,4
163,B,6,31,15,1,18,0,0,1,9,4,0,0,0,14,1,12,35,302,76,0.5x,42,4,4,7,0,4
163,C,8,29,9,1,13,0,0,0,3,0,0,0,0,1,0,7,6,97,76,0.5x,42,4,4,7,0,4
164,A,4,9,5,0,1,0,0,0,3,1,0,0,0,4,1,2,4,52,43,1x,42,4,4,10,0,4
164,D,10,28,10,4,9,0,0,0,6,5,0,0,0,9,3,10,21,217,43,1x,42,4,4,10,0,4
164,C,8,16,2,0,4,0,0,0,3,0,0,0,0,5,0,0,13,88,43,1x,42,4,4,10,0,4
164,B,6,11,7,0,0,0,0,1,2,2,0,0,0,2,0,9,13,107,43,1x,42,4,4,10,0,4
165,A,5,0,0,0,0,0,0,0,0,0,0,0,0,0,0,0,0,0,33,0.5x,42,5,5,6,0,5
165,D,11,0,0,0,0,0,0,0,0,0,0,0,0,0,0,0,0,0,33,0.5x,42,5,5,6,0,5
165,B,7,0,0,0,0,0,0,0,0,0,0,0,0,0,0,0,0,0,33,0.5x,42,5,5,6,0,5
165,C,9,0,0,0,0,0,0,0,0,0,0,0,0,0,0,0,0,0,33,0.5x,42,5,5,6,0,5
166,D,10,0,0,0,0,0,0,0,0,0,0,0,0,0,0,0,0,0,46,0.5x,42,4,4,6,0,4
166,B,6,0,0,0,0,0,0,0,0,0,0,0,0,0,0,0,0,0,46,0.5x,42,4,4,6,0,4
166,A,4,0,0,0,0,0,0,0,0,0,0,0,0,0,0,0,0,0,46,0.5x,42,4,4,6,0,4
166,C,8,0,0,0,0,0,0,0,0,0,0,0,0,0,0,0,0,0,46,0.5x,42,4,4,6,0,4
167,D,10,0,0,0,0,0,0,0,0,0,0,0,0,0,0,0,0,0,28,1x,42,4,4,6,0,4
167,C,8,0,0,0,0,0,0,0,0,0,0,0,0,0,0,0,0,0,28,1x,42,4,4,6,0,4
167,B,6,0,0,0,0,0,0,0,0,0,0,0,0,0,0,0,0,0,28,1x,42,4,4,6,0,4
167,A,4,0,0,0,0,0,0,0,0,0,0,0,0,0,0,0,0,0,28,1x,42,4,4,6,0,4
168,D,9,0,0,0,0,0,0,0,0,0,0,0,0,0,0,0,0,0,48,0.5x,42,3,3,10,0,3
168,B,5,0,0,0,0,0,0,0,0,0,0,0,0,0,0,0,0,0,48,0.5x,42,3,3,10,0,3
168,A,3,0,0,0,0,0,0,0,0,0,0,0,0,0,0,0,0,0,48,0.5x,42,3,3,10,0,3
168,C,7,0,0,0,0,0,0,0,0,0,0,0,0,0,0,0,0,0,48,0.5x,42,3,3,10,0,3
169,A,3,0,0,0,0,0,0,0,0,0,0,0,0,0,0,0,0,11,21,0.5x,42,2,4,6,2,3
169,C,7,0,0,0,1,0,0,0,0,0,0,0,0,0,0,0,0,2,21,0.5x,42,2,4,6,2,3
169,D,9,2,0,0,0,0,0,0,0,0,0,0,0,0,0,0,0,4,21,0.5x,42,2,4,6,2,3
169,B,5,1,1,0,0,0,0,0,0,0,0,0,0,0,0,0,0,9,21,0.5x,42,2,4,6,2,3
17,D,12,37,7,0,7,0,0,0,2,0,0,0,0,6,1,5,16,192,18,1x,217,5,7,8,2,6
17,A,6,25,7,1,4,0,0,0,1,0,0,0,0,4,0,17,34,210,18,1x,217,5,7,8,2,6
17,B,8,9,2,0,0,0,0,0,0,0,0,0,0,2,1,2,13,69,18,1x,217,5,7,8,2,6
17,C,10,58,18,3,17,0,0,0,6,6,0,0,0,18,3,12,44,429,18,1x,217,5,7,8,2,6
170,C,6.5,0,0,0,0,0,0,0,0,0,0,0,0,0,0,0,0,0,27,0.5x,42,2,3,6,1,2.5
170,D,8.5,0,0,0,0,0,0,0,0,0,0,0,0,0,0,0,0,0,27,0.5x,42,2,3,6,1,2.5
170,A,2.5,0,0,0,0,0,0,0,1,0,0,0,0,0,0,0,0,1,27,0.5x,42,2,3,6,1,2.5
170,B,4.5,0,0,0,0,0,0,0,0,0,0,0,0,0,0,0,0,0,27,0.5x,42,2,3,6,1,2.5
171,C,7,13,5,1,0,0,0,0,3,1,0,0,0,1,0,4,8,104,37,0.5x,217,3,3,7,0,3
171,B,5,16,8,0,4,0,0,1,2,0,0,0,0,3,1,6,18,146,37,0.5x,217,3,3,7,0,3
171,D,9,25,15,0,13,0,0,0,3,3,4,0,0,3,3,9,31,250,37,0.5x,217,3,3,7,0,3
171,A,3,23,9,0,4,0,0,1,2,1,0,0,0,9,0,16,27,206,37,0.5x,217,3,3,7,0,3
172,D,9.5,16,9,2,4,0,0,0,0,3,0,0,0,7,1,4,7,114,26,0.5x,217,3,4,6,1,3.5
172,B,5.5,15,2,0,4,0,0,1,1,1,0,0,0,3,0,2,12,96,26,0.5x,217,3,4,6,1,3.5
172,C,7.5,15,9,2,6,0,0,0,1,0,0,0,0,6,2,1,10,103,26,0.5x,217,3,4,6,1,3.5
172,A,3.5,20,11,0,1,0,0,0,2,0,0,0,0,11,0,2,14,131,26,0.5x,217,3,4,6,1,3.5
173,C,7.5,28,10,0,1,0,0,0,0,3,2,0,0,10,2,5,22,169,41,1x,217,3,4,7,1,3.5
173,D,9.5,28,16,7,9,0,0,0,0,1,0,0,0,6,0,11,24,237,41,1x,217,3,4,7,1,3.5
173,A,3.5,12,7,0,1,1,0,0,0,1,0,0,0,6,0,8,10,117,41,1x,217,3,4,7,1,3.5
174,A,3.5,21,5,0,0,0,0,0,0,0,1,0,0,3,0,2,6,93,45,0.5x,217,3,4,9,1,3.5
174,C,7.5,9,3,1,5,0,0,0,0,1,0,0,0,3,0,2,12,86,45,0.5x,217,3,4,9,1,3.5
174,D,9.5,30,11,4,5,0,0,0,0,3,1,0,0,9,1,9,44,264,45,0.5x,217,3,4,9,1,3.5
174,B,5.5,29,5,1,17,0,0,0,1,0,0,0,0,4,1,7,32,197,45,0.5x,217,3,4,9,1,3.5
175,C,7,14,9,0,4,0,0,0,0,1,0,0,0,1,2,4,24,117,52,0.5x,217,3,3,10,0,3
175,A,3,23,5,0,1,0,0,0,0,0,0,0,0,0,2,3,12,123,52,0.5x,217,3,3,10,0,3
175,D,9,27,9,2,11,0,0,0,2,1,1,0,0,6,1,16,42,265,52,0.5x,217,3,3,10,0,3
175,B,5,2,2,0,0,0,0,0,0,0,0,0,0,2,0,0,1,23,52,0.5x,217,3,3,10,0,3
177,C,7.5,11,6,0,1,0,0,0,0,0,0,0,0,3,0,3,9,67,53,2x,217,3,4,6,1,3.5
177,D,9.5,8,3,0,8,0,0,0,0,0,0,0,0,1,0,15,11,89,53,2x,217,3,4,6,1,3.5
177,B,5.5,9,5,0,1,0,0,0,0,0,1,0,0,0,0,4,5,73,53,2x,217,3,4,6,1,3.5
177,A,3.5,15,3,0,2,0,0,0,0,0,0,0,0,2,3,4,14,107,53,2x,217,3,4,6,1,3.5
178,B,8,5,3,0,0,0,0,0,0,0,0,0,0,2,0,1,7,31,66,2x,217,6,6,7,0,6
178,A,6,30,8,1,1,0,0,0,2,1,1,0,0,2,1,2,11,134,66,2x,217,6,6,7,0,6
178,C,10,7,6,0,0,0,0,0,1,0,0,0,0,2,0,0,3,41,66,2x,217,6,6,7,0,6
178,D,12,15,10,1,4,0,0,0,2,1,0,0,0,8,0,9,13,143,66,2x,217,6,6,7,0,6
179,D,9.5,17,2,0,5,0,1,0,1,1,0,0,0,1,3,6,15,124,65,0.5x,217,3,4,6,1,3.5
179,C,7.5,8,2,2,1,0,0,0,0,0,0,0,0,3,0,2,6,45,65,0.5x,217,3,4,6,1,3.5
179,A,3.5,6,4,0,0,0,0,0,1,0,0,0,0,5,0,5,6,82,65,0.5x,217,3,4,6,1,3.5
179,B,5.5,4,3,0,1,0,0,0,3,0,0,0,0,0,0,0,6,57,65,0.5x,217,3,4,6,1,3.5
18,A,5,23,8,0,7,0,0,1,0,1,1,0,0,2,1,0,19,135,30,1x,217,5,5,6,0,5
18,D,11,54,8,1,5,0,0,0,1,3,2,0,0,6,0,6,26,257,30,1x,217,5,5,6,0,5
18,C,9,28,4,1,4,0,0,0,0,1,0,0,0,2,0,4,18,137,30,1x,217,5,5,6,0,5
18,B,7,38,13,3,5,0,0,0,5,5,3,0,0,6,0,4,34,206,30,1x,217,5,5,6,0,5
180,B,6,14,5,0,1,0,0,1,0,1,0,0,0,0,0,2,5,63,68,0.5x,217,3,5,7,2,4
180,C,8,11,6,0,4,0,0,0,0,0,1,0,0,3,1,1,17,88,68,0.5x,217,3,5,7,2,4
180,A,4,18,4,0,1,0,0,0,0,0,0,0,0,5,0,1,7,141,68,0.5x,217,3,5,7,2,4
180,D,10,29,16,2,13,0,0,0,2,0,2,2,0,4,3,8,15,213,68,0.5x,217,3,5,7,2,4
181,C,7.5,7,4,0,3,0,0,0,0,0,0,0,0,4,0,0,6,48,66,2x,217,3,4,6,1,3.5
181,D,9.5,30,13,2,6,0,1,9,6,3,0,0,0,12,1,3,35,270,66,2x,217,3,4,6,1,3.5
181,B,5.5,1,0,0,0,0,0,0,0,0,0,0,0,2,0,1,4,53,66,2x,217,3,4,6,1,3.5
181,A,3.5,11,6,0,6,0,0,0,0,0,0,0,0,0,2,1,6,114,66,2x,217,3,4,6,1,3.5
182,B,5,14,4,0,6,0,0,0,0,0,1,0,0,0,0,2,5,92,62,1x,217,3,3,10,0,3
182,D,9,19,7,3,5,0,0,0,1,0,1,0,0,7,1,4,15,152,62,1x,217,3,3,10,0,3
182,C,7,5,1,0,0,0,0,0,0,0,0,0,0,1,0,0,1,17,62,1x,217,3,3,10,0,3
182,A,3,48,19,1,9,0,0,1,2,1,0,0,0,11,2,22,37,328,62,1x,217,3,3,10,0,3
183,C,7,0,0,0,0,0,0,0,0,0,0,0,0,0,0,1,1,2,47,0.5x,217,3,3,7,0,3
183,D,9,41,23,1,9,0,0,1,7,1,0,0,0,8,0,11,30,241,47,0.5x,217,3,3,7,0,3
183,B,5,21,12,0,2,0,0,0,0,0,2,0,0,5,1,4,20,162,47,0.5x,217,3,3,7,0,3
183,A,3,34,14,0,4,0,0,0,4,1,0,0,0,4,0,11,32,302,47,0.5x,217,3,3,7,0,3
184,A,3,22,5,0,4,0,0,0,3,2,0,0,0,5,5,5,24,142,57,1x,217,3,3,8,0,3
184,B,5,42,24,2,4,0,0,1,0,1,2,0,0,11,3,5,35,300,57,1x,217,3,3,8,0,3
184,D,9,27,11,0,8,0,0,0,3,3,0,0,0,13,0,12,43,266,57,1x,217,3,3,8,0,3
184,C,7,5,2,0,0,0,0,0,1,1,0,0,0,0,0,3,2,36,57,1x,217,3,3,8,0,3
185,B,6,3,2,0,0,0,0,0,0,0,0,0,0,2,0,0,4,22,70,0.5x,217,3,5,6,2,4
185,A,4,15,5,0,2,0,0,0,0,1,0,0,0,2,1,2,17,85,70,0.5x,217,3,5,6,2,4
185,C,8,11,3,1,6,0,0,0,0,0,0,0,0,2,1,2,8,71,70,0.5x,217,3,5,6,2,4
185,D,10,18,3,0,3,0,0,0,2,3,0,0,0,4,4,1,19,147,70,0.5x,217,3,5,6,2,4
186,B,5.5,3,1,2,0,0,0,0,0,0,1,0,0,0,0,3,7,48,71,1x,217,3,4,7,1,3.5
186,D,9.5,35,10,1,7,0,0,0,4,1,10,0,0,2,1,5,26,223,71,1x,217,3,4,7,1,3.5
186,C,7.5,16,4,0,6,0,0,0,1,2,2,0,0,2,1,3,17,119,71,1x,217,3,4,7,1,3.5
186,A,3.5,26,4,0,7,0,0,0,5,3,0,2,0,13,0,9,18,179,71,1x,217,3,4,7,1,3.5
187,D,9,23,10,0,5,0,0,1,0,1,0,0,0,11,1,4,23,169,47,0.5x,217,3,3,6,0,3
187,A,3,25,10,0,4,0,0,0,0,1,0,0,0,5,4,5,18,128,47,0.5x,217,3,3,6,0,3
187,B,5,2,2,0,1,0,0,0,0,0,0,0,0,1,0,1,2,32,47,0.5x,217,3,3,6,0,3
187,C,7,20,6,0,3,0,0,0,0,0,1,0,0,7,0,6,8,117,47,0.5x,217,3,3,6,0,3
188,C,8,27,11,0,7,0,0,0,1,1,0,0,0,8,0,8,24,178,62,1x,217,4,4,7,0,4
188,D,10,31,12,1,1,0,0,1,0,1,0,0,0,4,1,6,20,172,62,1x,217,4,4,7,0,4
188,B,6,6,5,0,0,0,0,0,0,0,0,0,0,0,0,0,7,83,62,1x,217,4,4,7,0,4
188,A,4,9,5,0,5,0,0,0,0,2,0,0,0,1,1,2,10,91,62,1x,217,4,4,7,0,4
189,B,6,23,9,1,3,0,0,0,0,1,0,0,0,6,1,3,11,132,37,0.5x,217,4,4,8,0,4
189,C,8,16,6,2,4,0,0,1,2,2,0,0,0,9,0,0,22,118,37,0.5x,217,4,4,8,0,4
189,A,4,31,11,0,4,0,0,0,2,2,0,0,0,11,0,12,21,196,37,0.5x,217,4,4,8,0,4
189,D,10,23,16,0,4,0,0,0,0,1,1,0,0,6,1,9,18,192,37,0.5x,217,4,4,8,0,4
19,B,7.5,30,9,1,8,0,0,0,2,6,0,0,0,7,1,4,18,203,24,2x,217,5,6,6,1,5.5
19,A,5.5,12,6,0,2,0,0,1,0,1,0,0,0,3,0,2,19,141,24,2x,217,5,6,6,1,5.5
19,D,11.5,37,20,2,7,0,0,0,1,2,0,0,0,7,0,15,33,264,24,2x,217,5,6,6,1,5.5
19,C,9.5,38,15,1,2,0,0,0,3,4,0,0,0,15,1,11,24,230,24,2x,217,5,6,6,1,5.5
190,A,4,10,3,0,0,0,0,0,2,3,0,0,0,5,0,2,12,76,5,0.5x,217,4,4,6,0,4
190,B,6,0,0,0,0,0,0,0,0,0,0,0,0,0,0,0,0,0,5,0.5x,217,4,4,6,0,4
190,D,10,0,0,0,0,0,0,0,0,0,0,0,0,0,0,0,0,0,5,0.5x,217,4,4,6,0,4
190,C,8,0,0,0,0,0,0,0,0,0,0,0,0,0,0,0,0,0,5,0.5x,217,4,4,6,0,4
191,A,4,12,6,0,0,0,0,0,1,1,0,0,0,5,1,4,7,81,67,0.5x,217,4,4,7,0,4
191,B,6,10,3,0,2,0,0,0,0,0,0,0,0,0,1,1,12,90,67,0.5x,217,4,4,7,0,4
191,C,8,11,8,1,5,0,0,0,0,0,0,0,0,0,0,1,13,92,67,0.5x,217,4,4,7,0,4
191,D,10,22,8,0,11,0,0,0,4,1,1,0,0,2,2,7,21,170,67,0.5x,217,4,4,7,0,4
192,D,11.5,19,11,0,5,0,0,0,2,1,0,0,0,10,0,7,19,171,71,1x,217,5,6,6,1,5.5
192,A,5.5,20,11,2,5,0,0,0,3,1,2,0,0,2,1,3,21,152,71,1x,217,5,6,6,1,5.5
192,C,9.5,14,4,0,2,0,0,0,1,0,0,0,0,3,0,6,10,84,71,1x,217,5,6,6,1,5.5
192,B,7.5,21,11,0,2,0,0,0,4,3,0,0,0,0,1,1,12,141,71,1x,217,5,6,6,1,5.5
193,B,5,17,9,1,3,0,0,0,0,0,0,0,0,6,4,2,6,123,60,0.5x,42,2,4,10,2,3
193,A,3,23,8,3,9,0,0,1,2,3,0,0,0,7,1,8,24,200,60,0.5x,42,2,4,10,2,3
193,D,9,9,6,0,8,0,0,0,3,3,0,0,0,9,0,5,20,151,60,0.5x,42,2,4,10,2,3
193,C,7,13,4,2,6,0,0,0,1,5,0,0,0,7,0,4,9,121,60,0.5x,42,2,4,10,2,3
194,B,4.5,23,10,0,7,0,0,0,4,3,0,0,0,9,1,6,13,208,54,0.5x,42,2,3,6,1,2.5
194,A,2.5,33,4,4,6,0,0,1,3,0,1,0,0,5,2,10,15,206,54,0.5x,42,2,3,6,1,2.5
194,C,6.5,33,8,2,2,0,0,1,4,0,0,0,0,0,0,2,5,182,54,0.5x,42,2,3,6,1,2.5
194,D,8.5,22,7,3,7,0,0,0,4,2,0,0,0,4,0,2,16,164,54,0.5x,42,2,3,6,1,2.5
195,D,9,0,0,0,0,0,0,0,0,0,0,0,0,0,0,0,0,0,48,0.5x,42,2,4,6,2,3
195,A,3,0,0,0,0,0,0,0,0,0,0,0,0,0,0,0,0,0,48,0.5x,42,2,4,6,2,3
195,C,7,0,0,0,0,0,0,0,0,0,0,0,0,0,0,0,0,0,48,0.5x,42,2,4,6,2,3
195,B,5,0,0,0,0,0,0,0,0,0,0,0,0,0,0,0,0,0,48,0.5x,42,2,4,6,2,3
196,D,8.5,0,0,0,0,0,0,0,0,0,0,0,0,0,0,0,0,0,35,0.5x,42,2,3,6,1,2.5
196,A,2.5,0,0,0,0,0,0,0,0,0,0,0,0,0,0,0,0,0,35,0.5x,42,2,3,6,1,2.5
196,C,6.5,0,0,0,0,0,0,0,0,0,0,0,0,0,0,0,0,0,35,0.5x,42,2,3,6,1,2.5
197,B,4.5,14,9,0,6,0,0,0,1,1,0,0,0,5,1,4,17,155,51,0.5x,42,2,3,9,1,2.5
197,A,2.5,20,5,0,8,0,0,1,0,2,0,0,0,6,3,7,20,165,51,0.5x,42,2,3,9,1,2.5
197,D,8.5,17,7,0,5,0,0,0,3,2,0,0,0,4,0,3,16,131,51,0.5x,42,2,3,9,1,2.5
197,C,6.5,18,8,1,7,0,0,0,5,4,0,0,0,9,3,9,18,166,51,0.5x,42,2,3,9,1,2.5
198,C,6,10,3,0,3,0,0,0,2,1,0,0,0,5,1,3,10,98,72,1x,42,2,2,9,0,2
198,A,2,32,13,0,6,0,0,1,1,0,0,0,0,11,1,9,27,207,72,1x,42,2,2,9,0,2
198,B,4,8,1,0,2,0,0,1,0,0,0,0,0,0,0,2,4,67,72,1x,42,2,2,9,0,2
198,D,8,13,4,2,6,0,0,2,4,1,2,0,0,5,0,10,31,187,72,1x,42,2,2,9,0,2
199,D,9.5,0,0,0,1,0,0,0,0,0,0,0,0,0,0,1,3,12,77,1x,42,3,4,6,1,3.5
199,C,7.5,6,1,0,1,0,0,2,0,1,0,0,0,0,1,2,0,30,77,1x,42,3,4,6,1,3.5
199,B,5.5,4,3,0,1,0,0,1,0,1,0,0,0,0,0,0,6,44,77,1x,42,3,4,6,1,3.5
199,A,3.5,3,0,0,0,0,0,0,1,0,0,0,0,0,0,1,1,18,77,1x,42,3,4,6,1,3.5
2,C,6,36,8,0,8,0,0,0,8,5,0,0,0,9,1,4,32,215,24,2x,217,2,2,10,0,2
2,D,8,16,12,1,3,0,0,0,0,0,0,0,0,5,1,2,5,142,24,2x,217,2,2,10,0,2
2,A,2,43,19,1,6,0,0,0,1,2,0,0,0,4,0,6,44,264,24,2x,217,2,2,10,0,2
2,B,4,60,21,1,10,0,0,0,0,8,1,0,3,7,2,7,52,364,24,2x,217,2,2,10,0,2
20,A,6,28,16,1,3,0,0,0,0,0,0,0,2,6,4,11,27,238,30,1x,217,6,6,6,0,6
20,B,8,15,9,0,4,0,0,0,0,0,0,0,0,3,6,1,20,141,30,1x,217,6,6,6,0,6
20,C,10,6,6,3,2,0,0,0,3,1,0,0,0,3,0,5,13,103,30,1x,217,6,6,6,0,6
20,D,12,19,4,0,5,0,0,0,3,1,1,0,0,7,1,8,22,226,30,1x,217,6,6,6,0,6
200,D,8,14,3,0,2,0,0,0,0,0,0,0,0,3,0,2,4,59,75,1x,42,2,2,6,0,2
200,C,6,15,8,0,0,0,0,0,4,0,0,0,0,4,1,4,9,112,75,1x,42,2,2,6,0,2
200,B,4,0,0,0,0,0,0,0,0,0,0,0,0,0,0,0,0,2,75,1x,42,2,2,6,0,2
200,A,2,14,5,0,5,0,0,0,1,2,0,0,0,4,0,3,8,79,75,1x,42,2,2,6,0,2
202,D,8.5,28,5,0,2,0,0,0,2,1,0,0,0,12,1,9,26,171,73,2x,42,2,3,6,1,2.5
202,B,4.5,0,0,0,0,0,0,0,0,0,0,0,0,0,0,0,0,0,73,2x,42,2,3,6,1,2.5
202,A,2.5,10,2,0,1,0,0,0,1,0,0,0,0,1,0,1,3,36,73,2x,42,2,3,6,1,2.5
202,C,6.5,11,4,0,0,0,0,1,1,2,0,0,0,2,2,1,10,83,73,2x,42,2,3,6,1,2.5
203,D,8,42,3,1,2,0,0,0,1,0,0,0,0,5,0,4,12,152,43,1x,42,2,2,9,0,2
203,C,6,31,2,0,1,1,0,1,1,1,1,2,0,4,0,5,9,107,43,1x,42,2,2,9,0,2
203,B,4,0,0,0,0,0,0,0,0,0,0,0,0,0,0,0,0,0,43,1x,42,2,2,9,0,2
203,A,2,3,1,1,2,0,0,0,1,0,0,0,0,2,0,1,7,38,43,1x,42,2,2,9,0,2
204,D,8.5,13,6,0,2,0,0,0,0,3,2,0,0,4,1,3,17,93,39,1x,42,2,3,8,1,2.5
204,B,4.5,0,0,0,0,0,0,0,0,0,0,0,0,0,0,0,0,0,39,1x,42,2,3,8,1,2.5
204,C,6.5,6,8,0,5,0,0,0,1,0,0,0,0,3,0,2,6,73,39,1x,42,2,3,8,1,2.5
204,A,2.5,3,1,0,0,0,0,0,0,1,1,0,0,1,2,1,1,29,39,1x,42,2,3,8,1,2.5
205,D,8.5,9,3,0,1,0,0,0,1,0,0,0,0,1,0,1,7,51,11,0.5x,42,2,3,6,1,2.5
205,A,2.5,2,3,0,0,0,0,0,0,0,0,0,0,6,0,2,8,64,11,0.5x,42,2,3,6,1,2.5
205,B,4.5,0,0,0,0,0,0,0,0,0,0,0,0,0,0,0,0,0,11,0.5x,42,2,3,6,1,2.5
205,C,6.5,3,0,0,0,0,0,0,1,0,0,0,0,1,0,0,1,26,11,0.5x,42,2,3,6,1,2.5
206,D,8.5,0,0,0,0,0,0,0,0,0,0,0,0,0,0,0,0,0,28,1x,42,2,3,6,1,2.5
206,C,6.5,0,0,0,0,0,0,0,0,0,0,0,0,0,0,0,0,0,28,1x,42,2,3,6,1,2.5
206,A,2.5,0,0,0,0,0,0,0,0,0,0,0,0,0,0,0,0,0,28,1x,42,2,3,6,1,2.5
207,D,9,12,3,0,2,0,0,0,0,1,0,0,0,1,0,2,10,77,34,2x,42,2,4,6,2,3
207,C,7,5,2,0,0,0,0,0,0,0,0,0,0,2,1,0,8,53,34,2x,42,2,4,6,2,3
207,A,3,22,6,0,5,0,0,0,1,1,0,0,0,0,2,3,6,122,34,2x,42,2,4,6,2,3
21,B,7.5,23,15,0,10,1,0,0,2,0,0,0,0,8,3,9,23,252,36,2x,217,5,6,7,1,5.5
21,D,11.5,14,10,2,3,0,0,0,0,1,0,0,0,4,0,6,19,142,36,2x,217,5,6,7,1,5.5
21,A,5.5,37,10,1,3,0,0,0,5,2,0,2,0,7,1,10,19,251,36,2x,217,5,6,7,1,5.5
21,C,9.5,22,3,0,2,0,0,0,2,1,0,0,0,7,1,4,12,136,36,2x,217,5,6,7,1,5.5
210,C,7,10,1,0,2,0,0,0,1,0,0,0,0,1,0,1,4,64,62,1x,217,2,4,7,2,3
210,B,5,0,0,0,0,0,0,0,0,0,0,0,0,0,0,0,0,0,62,1x,217,2,4,7,2,3
210,D,9,31,5,0,12,0,0,0,3,3,1,0,0,4,0,5,38,230,62,1x,217,2,4,7,2,3
210,A,3,8,3,0,4,0,0,0,0,0,0,0,0,2,1,2,3,61,62,1x,217,2,4,7,2,3
211,D,9,13,6,0,2,0,0,0,6,2,0,0,0,3,2,4,20,154,66,2x,217,3,3,8,0,3
211,C,7,8,4,0,1,0,0,0,1,0,0,0,0,1,0,2,6,89,66,2x,217,3,3,8,0,3
211,A,3,21,6,1,1,0,0,0,1,1,0,0,0,4,0,4,21,145,66,2x,217,3,3,8,0,3
211,B,5,0,0,0,0,0,0,0,0,0,0,0,0,0,0,0,0,0,66,2x,217,3,3,8,0,3
212,C,7,30,14,2,9,0,0,0,5,1,1,0,0,7,1,13,26,232,70,0.5x,217,3,3,7,0,3
212,D,9,40,8,3,16,0,0,0,2,2,0,0,0,11,1,9,31,304,70,0.5x,217,3,3,7,0,3
212,A,3,9,6,0,0,0,0,0,0,0,0,0,0,1,0,4,10,104,70,0.5x,217,3,3,7,0,3
22,D,10,12,6,1,4,0,0,0,1,0,0,0,0,1,1,4,6,117,36,2x,217,4,4,10,0,4
22,A,4,27,3,0,1,0,0,0,2,0,0,0,0,1,1,3,20,119,36,2x,217,4,4,10,0,4
22,B,6,19,10,0,2,0,0,0,0,0,0,0,0,9,0,4,16,140,36,2x,217,4,4,10,0,4
22,C,8,9,8,0,10,0,0,0,2,2,0,0,0,4,1,10,9,128,36,2x,217,4,4,10,0,4
23,C,8,8,7,1,0,0,0,1,2,1,0,0,0,6,0,7,6,115,36,2x,217,4,4,9,0,4
23,A,4,47,15,0,6,0,0,0,1,0,1,0,0,3,2,14,39,228,36,2x,217,4,4,9,0,4
23,B,6,17,1,2,0,0,0,0,0,0,0,0,0,2,0,3,14,100,36,2x,217,4,4,9,0,4
23,D,10,24,11,0,12,0,0,0,1,0,1,0,0,8,0,9,16,209,36,2x,217,4,4,9,0,4
24,D,10,51,15,0,5,0,0,0,0,5,1,0,0,9,0,7,29,307,37,0.5x,217,4,4,8,0,4
24,B,6,24,15,3,5,1,0,1,3,2,0,0,0,8,4,17,31,268,37,0.5x,217,4,4,8,0,4
24,A,4,29,13,2,4,0,0,0,0,2,0,0,0,6,0,7,33,224,37,0.5x,217,4,4,8,0,4
24,C,8,13,8,2,4,0,0,0,0,1,0,0,0,1,0,3,12,107,37,0.5x,217,4,4,8,0,4
25,B,7,26,12,0,4,0,0,2,5,0,1,0,0,9,1,6,22,170,41,1x,217,5,5,8,0,5
25,D,11,17,7,1,4,0,0,0,0,2,0,0,0,4,1,4,13,170,41,1x,217,5,5,8,0,5
25,C,9,13,6,1,4,0,0,0,0,0,0,0,0,3,0,3,8,88,41,1x,217,5,5,8,0,5
25,A,5,8,0,0,2,0,0,0,0,0,0,0,0,2,2,2,11,69,41,1x,217,5,5,8,0,5
26,B,6,20,13,1,3,0,0,0,5,2,0,0,0,12,0,3,15,162,40,2x,217,4,4,6,0,4
26,C,8,20,13,0,6,0,0,0,0,4,0,0,0,10,1,5,17,200,40,2x,217,4,4,6,0,4
26,D,10,20,11,0,6,0,0,0,0,4,0,0,0,2,1,5,23,182,40,2x,217,4,4,6,0,4
26,A,4,26,11,0,5,0,0,1,1,5,0,0,0,2,2,2,27,153,40,2x,217,4,4,6,0,4
27,A,5,45,9,3,9,0,0,0,0,0,1,0,0,3,0,8,34,243,40,2x,217,5,5,7,0,5
27,B,7,14,6,0,0,0,0,0,2,1,0,0,0,5,1,1,7,79,40,2x,217,5,5,7,0,5
27,D,11,34,23,2,22,0,0,1,0,4,0,0,0,15,1,12,27,338,40,2x,217,5,5,7,0,5
27,C,9,7,4,0,4,0,0,1,0,0,0,0,0,3,0,5,9,75,40,2x,217,5,5,7,0,5
28,B,7,23,7,0,1,0,0,0,1,2,0,0,0,4,0,4,11,122,40,2x,217,5,5,8,0,5
28,A,5,33,13,0,3,0,0,0,0,0,0,0,0,5,0,11,39,226,40,2x,217,5,5,8,0,5
28,D,11,20,10,1,5,0,0,1,3,2,1,0,0,2,1,9,25,193,40,2x,217,5,5,8,0,5
28,C,9,15,7,0,5,0,0,3,0,0,0,0,0,3,2,3,17,88,40,2x,217,5,5,8,0,5
29,D,11,17,7,1,7,0,0,1,1,1,1,0,0,4,0,5,20,149,42,0.5x,217,5,5,6,0,5
29,C,9,10,3,2,3,0,0,0,3,3,1,0,0,2,2,6,8,117,42,0.5x,217,5,5,6,0,5
29,B,7,15,7,2,1,0,0,2,8,0,1,0,0,10,1,4,24,172,42,0.5x,217,5,5,6,0,5
29,A,5,17,4,0,1,0,0,0,1,0,0,0,0,1,0,10,7,111,42,0.5x,217,5,5,6,0,5
3,C,6,22,12,0,1,0,0,0,2,6,1,0,0,5,0,6,23,158,1,2x,217,2,2,10,0,2
3,D,8,21,5,0,6,0,0,0,1,0,0,0,0,1,0,1,9,119,1,2x,217,2,2,10,0,2
3,B,4,66,21,1,5,0,0,0,1,0,0,0,0,14,9,2,37,281,1,2x,217,2,2,10,0,2
3,A,2,42,11,0,6,0,0,0,5,1,0,0,0,4,0,2,33,215,1,2x,217,2,2,10,0,2
30,D,13,13,7,0,5,0,0,1,0,0,0,0,0,5,0,2,24,161,1,2x,217,7,7,9,0,7
30,C,11,4,5,0,5,0,0,0,0,0,0,0,0,1,0,2,3,77,1,2x,217,7,7,9,0,7
30,A,7,78,28,0,13,0,0,2,2,9,0,0,0,8,0,25,59,463,1,2x,217,7,7,9,0,7
30,B,9,37,13,0,12,0,0,0,4,3,0,0,0,11,0,6,28,228,1,2x,217,7,7,9,0,7
31,C,9,0,0,0,0,0,0,0,0,0,0,0,0,0,0,0,0,0,20,1x,42,5,5,7,0,5
31,B,7,2,0,0,0,0,0,0,0,0,0,0,0,0,0,0,0,3,20,1x,42,5,5,7,0,5
31,A,5,0,0,0,0,0,0,0,0,0,0,0,0,0,0,0,2,4,20,1x,42,5,5,7,0,5
31,D,11,0,0,0,0,0,0,0,0,0,0,0,0,0,0,0,0,0,20,1x,42,5,5,7,0,5
32,C,10,7,4,1,5,0,0,0,0,0,0,0,0,6,0,0,12,68,20,1x,42,6,6,8,0,6
32,A,6,5,4,0,3,0,0,0,1,0,0,0,0,1,0,2,6,45,20,1x,42,6,6,8,0,6
32,D,12,12,3,0,5,0,0,0,1,3,4,0,0,3,2,6,18,124,20,1x,42,6,6,8,0,6
32,B,8,12,14,1,8,0,0,0,2,0,0,0,0,7,0,2,27,148,20,1x,42,6,6,8,0,6
33,A,7,9,4,1,4,0,0,0,0,0,0,0,0,6,0,1,6,77,2,2x,42,7,7,7,0,7
33,D,13,25,1,0,9,0,0,0,3,1,1,0,0,4,0,5,19,147,2,2x,42,7,7,7,0,7
33,C,11,21,4,0,2,0,0,1,2,1,2,0,0,5,0,5,8,102,2,2x,42,7,7,7,0,7
33,B,9,13,4,0,6,0,0,0,4,3,0,3,0,3,1,1,9,133,2,2x,42,7,7,7,0,7
34,C,10,15,3,0,4,1,0,0,3,4,0,0,0,7,0,3,16,119,16,1x,42,6,6,8,0,6
34,B,8,24,7,1,3,0,0,0,0,0,0,0,0,6,2,3,18,122,16,1x,42,6,6,8,0,6
34,A,6,21,10,2,1,0,0,0,1,4,0,0,0,2,0,6,22,143,16,1x,42,6,6,8,0,6
34,D,12,9,0,0,1,0,0,0,0,4,1,0,0,3,0,10,19,115,16,1x,42,6,6,8,0,6
35,B,9,17,6,1,7,0,0,0,3,1,0,0,0,6,1,3,20,135,3,1x,42,7,7,8,0,7
35,D,13,19,7,0,8,0,0,2,2,0,0,0,0,6,2,4,13,150,3,1x,42,7,7,8,0,7
35,C,11,19,12,0,6,0,0,2,6,1,1,0,0,3,0,3,16,161,3,1x,42,7,7,8,0,7
35,A,7,33,13,0,8,0,0,1,2,4,0,0,0,14,4,10,30,242,3,1x,42,7,7,8,0,7
36,C,9.5,9,4,0,5,0,0,0,0,1,1,0,0,2,1,8,25,129,7,0.5x,42,5,6,7,1,5.5
36,D,11.5,15,10,0,3,0,0,0,2,4,0,0,0,4,0,8,26,151,7,0.5x,42,5,6,7,1,5.5
36,B,7.5,10,7,0,2,0,0,0,2,0,1,0,0,5,1,4,9,103,7,0.5x,42,5,6,7,1,5.5
36,A,5.5,17,3,0,5,0,0,0,1,3,1,0,1,6,0,2,20,136,7,0.5x,42,5,6,7,1,5.5
37,C,10,0,0,0,0,0,0,0,0,0,0,0,0,0,0,0,0,0,33,0.5x,42,6,6,7,0,6
37,B,8,0,0,0,0,0,0,0,0,0,0,0,0,0,0,0,0,0,33,0.5x,42,6,6,7,0,6
37,D,12,0,0,0,0,0,0,0,0,0,0,0,0,0,0,0,0,0,33,0.5x,42,6,6,7,0,6
37,A,6,1,1,1,0,0,0,0,0,0,0,0,0,0,0,0,5,42,33,0.5x,42,6,6,7,0,6
38,D,12,23,8,1,6,0,0,0,1,4,1,0,0,10,1,2,29,264,8,0.5x,217,6,6,7,0,6
38,B,8,38,16,1,17,0,0,0,4,6,0,0,0,14,2,5,22,277,8,0.5x,217,6,6,7,0,6
38,C,10,24,7,1,4,0,0,0,0,1,1,0,0,4,0,3,6,152,8,0.5x,217,6,6,7,0,6
38,A,6,25,10,1,3,0,0,1,3,2,0,0,0,5,0,7,16,178,8,0.5x,217,6,6,7,0,6
39,C,11,14,4,0,5,0,0,0,1,2,0,0,0,6,0,3,3,89,4,1x,217,7,7,6,0,7
39,B,9,35,15,3,19,0,0,0,4,5,1,0,0,9,1,3,45,300,4,1x,217,7,7,6,0,7
39,D,13,22,6,0,3,0,0,0,0,3,0,0,0,1,0,3,11,134,4,1x,217,7,7,6,0,7
39,A,7,20,8,1,4,0,0,1,3,0,0,0,0,2,0,2,26,150,4,1x,217,7,7,6,0,7
40,B,7,0,0,0,0,0,0,0,0,0,0,0,0,0,0,0,0,0,23,0.5x,42,4,6,13,2,5
40,A,5,0,0,0,0,0,0,0,0,0,0,0,0,0,0,0,0,0,23,0.5x,42,4,6,13,2,5
40,D,11,0,0,0,0,0,0,0,0,0,0,0,0,0,0,0,0,0,23,0.5x,42,4,6,13,2,5
41,C,10,4,5,0,1,0,0,0,0,0,1,0,0,0,1,3,4,44,1,2x,217,5,7,10,2,6
41,B,8,37,11,0,3,0,0,0,4,5,0,0,0,8,1,12,28,231,1,2x,217,5,7,10,2,6
41,A,6,32,5,0,5,0,0,0,1,1,1,0,0,0,0,7,23,191,1,2x,217,5,7,10,2,6
41,D,12,19,6,0,2,0,0,0,1,0,2,0,1,4,1,5,24,186,1,2x,217,5,7,10,2,6
42,C,11,9,1,2,2,0,0,0,0,0,1,0,0,5,1,4,7,118,14,1x,217,7,7,6,0,7
42,D,13,24,13,2,8,0,0,0,4,3,0,0,0,4,3,8,33,291,14,1x,217,7,7,6,0,7
42,B,9,37,13,0,8,0,0,0,1,0,0,0,0,6,3,4,20,218,14,1x,217,7,7,6,0,7
42,A,7,33,16,1,0,0,0,0,1,0,0,0,0,6,1,11,37,223,14,1x,217,7,7,6,0,7
44,D,11,15,7,1,6,0,0,0,3,0,1,0,0,11,0,8,17,196,5,0.5x,217,5,5,6,0,5
44,B,7,26,9,0,5,0,0,1,0,4,0,0,0,6,0,3,22,157,5,0.5x,217,5,5,6,0,5
44,C,9,20,9,0,4,0,0,0,2,1,0,0,0,2,5,5,5,146,5,0.5x,217,5,5,6,0,5
44,A,5,18,5,0,4,0,0,0,3,1,0,0,0,5,1,10,31,157,5,0.5x,217,5,5,6,0,5
45,C,10,21,0,1,4,0,0,2,2,0,0,0,0,7,0,1,12,154,32,0.5x,42,6,6,6,0,6
45,A,6,15,4,2,3,0,0,0,2,0,1,0,0,5,0,5,15,124,32,0.5x,42,6,6,6,0,6
45,D,12,23,7,0,7,0,3,7,3,1,0,0,0,12,0,8,30,252,32,0.5x,42,6,6,6,0,6
45,B,8,21,8,1,5,0,0,0,3,3,0,0,0,2,1,1,10,112,32,0.5x,42,6,6,6,0,6
46,D,11,0,0,0,0,0,0,0,0,0,0,0,0,0,0,0,0,0,19,0.5x,42,5,5,6,0,5
46,C,9,0,0,0,0,0,0,0,0,0,0,0,0,0,0,0,0,0,19,0.5x,42,5,5,6,0,5
46,B,7,0,0,0,0,0,0,0,0,0,0,0,0,0,0,0,0,0,19,0.5x,42,5,5,6,0,5
46,A,5,0,0,0,0,0,0,0,0,0,0,0,0,0,0,0,0,0,19,0.5x,42,5,5,6,0,5
47,B,9,8,0,0,0,0,0,0,0,0,0,0,0,0,0,1,2,31,15,2x,42,7,7,7,0,7
47,A,7,20,8,2,2,0,0,1,1,4,1,0,0,1,0,4,13,155,15,2x,42,7,7,7,0,7
47,C,11,10,2,1,0,1,0,1,0,0,0,0,0,4,0,4,1,77,15,2x,42,7,7,7,0,7
47,D,13,19,2,0,0,0,0,0,0,1,0,0,0,3,0,4,1,110,15,2x,42,7,7,7,0,7
48,C,10.5,12,6,0,2,0,0,5,2,1,1,0,0,5,0,1,12,121,5,0.5x,217,6,7,5,1,6.5
48,A,6.5,25,13,0,7,0,0,0,2,3,1,0,0,9,1,1,25,212,5,0.5x,217,6,7,5,1,6.5
48,D,12.5,23,11,1,3,0,0,0,1,2,3,0,0,5,2,14,27,240,5,0.5x,217,6,7,5,1,6.5
48,B,8.5,24,19,0,4,0,0,1,2,1,0,0,0,9,4,11,25,277,5,0.5x,217,6,7,5,1,6.5
49,D,12.5,0,0,0,0,0,0,0,0,0,0,0,0,0,0,0,0,0,10,1x,42,6,7,6,1,6.5
49,C,10.5,0,0,0,0,0,0,0,0,0,0,0,0,0,0,0,0,0,10,1x,42,6,7,6,1,6.5
49,B,8.5,0,0,0,0,0,0,0,0,0,0,0,0,0,0,0,0,0,10,1x,42,6,7,6,1,6.5
49,A,6.5,0,0,0,0,0,0,0,0,0,0,0,0,0,0,0,0,0,10,1x,42,6,7,6,1,6.5
5,D,8,10,9,0,4,0,0,0,3,1,0,0,0,1,1,3,15,132,4,1x,217,2,2,10,0,2
5,C,6,53,15,2,19,0,0,1,3,4,0,0,0,5,0,23,52,391,4,1x,217,2,2,10,0,2
5,B,4,62,21,2,4,1,0,0,3,4,0,0,0,9,5,10,45,364,4,1x,217,2,2,10,0,2
5,A,2,34,8,2,3,0,0,0,0,1,1,2,0,6,1,6,36,204,4,1x,217,2,2,10,0,2
50,C,6.5,0,0,0,0,0,0,0,0,0,0,0,0,0,0,0,0,0,33,0.5x,42,2,3,6,1,2.5
50,A,2.5,0,0,0,0,0,0,0,0,0,0,0,0,0,0,0,0,0,33,0.5x,42,2,3,6,1,2.5
50,D,8.5,0,0,0,0,0,0,0,0,0,0,0,0,0,0,0,0,0,33,0.5x,42,2,3,6,1,2.5
50,B,4.5,0,0,0,0,0,0,0,0,0,0,0,0,0,0,0,0,0,33,0.5x,42,2,3,6,1,2.5
51,D,8,20,6,1,6,0,0,0,0,2,0,0,0,4,1,4,19,143,46,0.5x,42,2,2,10,0,2
51,C,6,20,6,1,2,0,0,0,3,4,1,0,0,5,1,5,16,166,46,0.5x,42,2,2,10,0,2
51,B,4,29,19,4,7,0,0,2,1,6,9,0,7,15,1,12,30,282,46,0.5x,42,2,2,10,0,2
51,A,2,20,2,0,9,6,1,1,4,3,1,0,3,8,0,9,24,182,46,0.5x,42,2,2,10,0,2
52,D,9,1,1,0,0,0,0,0,0,0,0,0,0,0,0,2,1,11,16,1x,42,2,4,6,2,3
52,C,7,5,3,0,0,0,0,0,0,2,0,0,0,1,0,2,1,34,16,1x,42,2,4,6,2,3
52,B,5,6,9,1,1,0,0,0,0,0,0,0,0,0,0,1,6,48,16,1x,42,2,4,6,2,3
52,A,3,14,3,0,4,0,0,0,2,1,0,0,0,1,0,2,8,64,16,1x,42,2,4,6,2,3
53,B,4,133,3,0,1,0,0,0,0,0,0,0,0,3,0,1,8,293,74,2x,42,2,2,11,0,2
53,D,8,67,0,0,0,0,0,0,0,0,0,0,0,0,0,0,0,127,74,2x,42,2,2,11,0,2
53,C,6,58,0,0,0,0,0,0,0,0,0,0,0,0,0,0,0,134,74,2x,42,2,2,11,0,2
53,A,2,73,1,0,0,0,0,0,0,0,0,0,0,1,1,1,16,190,74,2x,42,2,2,11,0,2
54,A,2.5,21,12,0,4,0,0,0,1,1,2,0,0,6,0,4,13,156,21,0.5x,42,2,3,7,1,2.5
54,B,4.5,25,3,1,4,0,0,0,0,3,1,0,0,7,2,6,23,164,21,0.5x,42,2,3,7,1,2.5
54,D,8.5,21,2,0,3,0,0,0,1,1,0,0,0,1,0,4,6,70,21,0.5x,42,2,3,7,1,2.5
54,C,6.5,17,3,0,4,0,0,0,4,1,0,0,0,3,0,9,11,122,21,0.5x,42,2,3,7,1,2.5
55,B,5,18,5,0,1,0,0,1,0,0,1,0,0,4,0,2,21,115,71,1x,217,2,4,6,2,3
55,D,9,11,9,0,7,0,0,0,0,0,0,0,0,5,0,5,16,109,71,1x,217,2,4,6,2,3
55,A,3,29,7,1,0,3,0,0,0,5,3,0,0,3,1,3,20,188,71,1x,217,2,4,6,2,3
55,C,7,27,8,0,9,0,0,3,5,3,0,0,0,6,0,5,25,193,71,1x,217,2,4,6,2,3
56,B,5,42,21,0,9,0,0,0,1,3,0,0,0,7,1,7,30,249,8,0.5x,217,2,4,6,2,3
56,A,3,31,1,1,6,0,0,0,2,2,0,0,0,4,3,11,26,188,8,0.5x,217,2,4,6,2,3
56,D,9,19,4,0,4,0,0,0,0,0,0,0,0,2,0,2,11,117,8,0.5x,217,2,4,6,2,3
56,C,7,8,2,0,0,0,0,0,2,1,0,0,0,1,0,3,3,48,8,0.5x,217,2,4,6,2,3
57,C,6.5,9,4,2,5,0,0,0,1,0,0,0,0,2,1,4,10,100,67,0.5x,217,2,3,8,1,2.5
57,B,4.5,24,9,0,3,0,0,0,3,0,0,0,0,4,0,6,12,153,67,0.5x,217,2,3,8,1,2.5
57,D,8.5,26,10,1,6,0,0,0,9,2,1,0,0,6,1,12,21,193,67,0.5x,217,2,3,8,1,2.5
57,A,2.5,35,12,0,3,0,0,1,0,2,2,0,0,2,1,2,21,180,67,0.5x,217,2,3,8,1,2.5
58,D,8.5,48,17,0,4,0,0,1,1,2,0,0,0,5,1,9,27,256,69,1x,217,2,3,7,1,2.5
58,C,6.5,21,14,0,3,0,0,1,2,1,0,0,0,8,1,6,27,176,69,1x,217,2,3,7,1,2.5
58,B,4.5,32,10,0,9,0,0,1,5,4,0,0,0,4,1,7,23,226,69,1x,217,2,3,7,1,2.5
58,A,2.5,31,10,1,2,0,0,0,0,1,0,0,0,3,0,8,22,169,69,1x,217,2,3,7,1,2.5
59,D,9,27,15,1,8,0,0,0,0,5,3,0,0,6,2,5,14,194,70,0.5x,217,3,3,7,0,3
59,C,7,40,18,2,5,0,0,1,6,3,0,0,0,9,0,11,28,280,70,0.5x,217,3,3,7,0,3
59,A,3,19,3,0,4,0,0,0,1,0,0,0,0,1,0,2,11,90,70,0.5x,217,3,3,7,0,3
59,B,5,23,6,0,6,0,0,0,4,5,0,0,0,4,0,2,18,246,70,0.5x,217,3,3,7,0,3
6,A,2,53,14,2,6,0,0,0,0,1,0,0,0,7,1,5,38,260,13,2x,217,2,2,10,0,2
6,D,8,17,5,0,6,0,0,0,0,3,3,0,0,2,0,6,11,134,13,2x,217,2,2,10,0,2
6,C,6,40,17,2,12,0,0,0,2,0,0,0,0,1,0,7,27,242,13,2x,217,2,2,10,0,2
6,B,4,56,15,2,3,0,0,2,0,0,0,0,0,7,6,7,55,319,13,2x,217,2,2,10,0,2
60,D,8.5,13,12,0,4,0,0,0,3,6,2,0,0,2,1,4,26,156,59,0.5x,217,2,3,7,1,2.5
60,B,4.5,34,7,1,3,0,0,2,1,3,0,0,0,8,1,7,15,248,59,0.5x,217,2,3,7,1,2.5
60,C,6.5,14,6,0,5,0,0,0,2,0,0,0,0,2,0,3,8,105,59,0.5x,217,2,3,7,1,2.5
60,A,2.5,16,7,0,3,0,0,0,1,0,0,0,0,2,0,5,15,111,59,0.5x,217,2,3,7,1,2.5
61,B,5,48,30,0,20,0,0,1,2,2,0,0,0,19,2,11,46,408,62,1x,217,2,4,7,2,3
61,A,3,43,4,0,9,0,0,0,3,2,2,0,0,4,1,6,30,211,62,1x,217,2,4,7,2,3
61,C,7,13,5,0,1,0,0,0,2,3,2,0,0,2,1,5,13,120,62,1x,217,2,4,7,2,3
61,D,9,13,5,0,3,0,0,0,1,1,0,0,0,4,0,6,12,124,62,1x,217,2,4,7,2,3
62,B,4.5,20,17,0,8,0,0,0,2,0,0,0,0,9,0,3,27,214,47,0.5x,217,2,3,7,1,2.5
62,C,6.5,11,8,2,3,0,0,1,2,3,0,0,0,2,1,2,16,151,47,0.5x,217,2,3,7,1,2.5
62,A,2.5,24,15,1,3,0,0,0,1,0,0,0,0,1,3,10,37,228,47,0.5x,217,2,3,7,1,2.5
62,D,8.5,18,7,0,7,0,0,0,2,0,0,0,0,5,0,12,12,195,47,0.5x,217,2,3,7,1,2.5
64,A,3,0,0,0,0,0,0,0,0,0,0,0,0,0,0,0,0,0,27,0.5x,42,2,4,7,2,3
64,D,9,0,0,0,0,0,0,0,0,0,0,0,0,0,0,0,0,0,27,0.5x,42,2,4,7,2,3
64,C,7,0,0,0,0,0,0,0,0,0,0,0,0,0,0,0,0,0,27,0.5x,42,2,4,7,2,3
64,B,5,2,1,0,0,0,0,0,0,0,0,0,0,1,0,0,0,22,27,0.5x,42,2,4,7,2,3
65,B,5,6,0,0,3,0,0,0,2,1,0,0,0,1,1,0,3,41,38,0.5x,42,2,4,6,2,3
65,D,9,10,1,0,1,0,0,0,0,0,0,0,0,0,0,0,7,29,38,0.5x,42,2,4,6,2,3
65,A,3,11,5,0,2,0,0,0,0,1,0,0,0,4,0,0,10,75,38,0.5x,42,2,4,6,2,3
65,C,7,15,9,1,0,0,0,0,3,2,0,0,0,5,3,2,8,119,38,0.5x,42,2,4,6,2,3
66,C,6.5,16,16,1,6,0,0,0,2,5,1,0,0,6,0,4,7,147,43,1x,42,2,3,10,1,2.5
66,B,4.5,8,3,1,3,0,0,1,1,2,0,0,0,2,0,1,7,74,43,1x,42,2,3,10,1,2.5
66,D,8.5,8,4,0,3,0,0,1,0,0,0,0,0,2,0,0,7,81,43,1x,42,2,3,10,1,2.5
66,A,2.5,37,14,1,9,0,0,0,1,2,0,0,0,12,2,7,24,233,43,1x,42,2,3,10,1,2.5
67,B,4.5,0,0,0,0,0,0,0,0,0,0,0,0,0,0,0,0,0,48,0.5x,42,2,3,6,1,2.5
67,C,6.5,0,0,0,0,0,0,0,0,0,0,0,0,0,0,0,0,0,48,0.5x,42,2,3,6,1,2.5
67,A,2.5,0,0,0,0,0,0,0,0,0,0,0,0,0,0,0,0,0,48,0.5x,42,2,3,6,1,2.5
67,D,8.5,0,0,0,0,0,0,0,0,0,0,0,0,0,0,0,0,0,48,0.5x,42,2,3,6,1,2.5
68,A,4,0,0,0,0,0,0,0,0,0,0,0,0,0,0,0,0,0,73,2x,42,4,4,7,0,4
68,B,6,0,0,0,0,0,0,0,0,0,0,0,0,0,0,0,0,0,73,2x,42,4,4,7,0,4
68,C,8,0,0,0,0,0,0,0,0,0,0,0,0,0,0,0,0,0,73,2x,42,4,4,7,0,4
68,D,10,0,0,0,0,0,0,0,0,0,0,0,0,0,0,0,0,0,73,2x,42,4,4,7,0,4
69,A,2.5,0,0,0,0,0,0,0,0,0,0,0,0,0,0,0,0,0,75,1x,42,2,3,6,1,2.5
69,C,6.5,0,0,0,0,0,0,0,0,0,0,0,0,0,0,0,0,0,75,1x,42,2,3,6,1,2.5
69,B,4.5,0,0,0,0,0,0,0,0,0,0,0,0,0,0,0,0,0,75,1x,42,2,3,6,1,2.5
69,D,8.5,0,0,0,0,0,0,0,0,0,0,0,0,0,0,0,0,0,75,1x,42,2,3,6,1,2.5
7,D,8,44,16,0,12,0,0,0,2,2,0,0,0,7,5,10,42,314,36,2x,217,2,2,10,0,2
7,C,6,46,14,0,5,0,0,0,4,3,0,0,0,4,0,8,28,243,36,2x,217,2,2,10,0,2
7,B,4,45,10,2,1,0,0,1,0,1,2,0,1,4,0,5,42,250,36,2x,217,2,2,10,0,2
7,A,2,28,11,0,2,0,0,0,1,0,0,0,0,4,3,8,26,223,36,2x,217,2,2,10,0,2
70,C,7,27,14,1,5,0,0,0,9,4,0,0,0,10,0,4,12,168,50,2x,42,3,3,6,0,3
70,D,9,16,7,2,7,0,0,0,4,2,2,0,0,5,0,3,23,174,50,2x,42,3,3,6,0,3
70,A,3,27,7,0,5,0,0,1,0,1,0,0,0,7,5,5,17,158,50,2x,42,3,3,6,0,3
70,B,5,19,13,3,10,0,0,0,0,1,1,0,0,1,6,3,9,140,50,2x,42,3,3,6,0,3
71,B,5,29,10,0,5,0,0,1,1,0,0,0,0,9,1,8,24,182,39,1x,42,2,4,6,2,3
71,D,9,8,2,1,2,0,0,0,0,0,0,0,0,2,0,3,1,91,39,1x,42,2,4,6,2,3
71,A,3,24,9,0,6,0,0,0,3,2,0,0,0,5,0,4,17,155,39,1x,42,2,4,6,2,3
71,C,7,27,5,0,3,0,0,0,3,2,0,0,0,10,3,7,10,192,39,1x,42,2,4,6,2,3
72,A,3,19,4,0,5,0,0,0,1,1,0,0,0,4,1,5,17,107,6,0.5x,42,2,4,6,2,3
72,B,5,40,6,0,5,0,0,0,2,1,0,0,1,5,1,7,33,207,6,0.5x,42,2,4,6,2,3
72,D,9,5,4,0,2,0,0,0,0,0,0,0,0,3,0,0,3,44,6,0.5x,42,2,4,6,2,3
72,C,7,19,6,0,5,0,0,0,1,1,0,0,0,5,0,7,18,113,6,0.5x,42,2,4,6,2,3
73,C,7,10,5,0,3,0,0,0,1,1,0,0,0,8,1,3,10,89,60,0.5x,42,2,4,6,2,3
73,A,3,14,1,0,3,0,0,0,1,0,0,0,0,2,1,5,11,92,60,0.5x,42,2,4,6,2,3
73,B,5,18,5,1,8,0,0,0,2,3,0,0,0,4,10,2,18,142,60,0.5x,42,2,4,6,2,3
73,D,9,0,1,0,1,0,0,0,0,0,0,0,0,1,1,1,1,17,60,0.5x,42,2,4,6,2,3
74,C,6.5,6,3,0,2,0,0,0,1,0,0,0,0,2,0,2,3,59,61,0.5x,42,2,3,6,1,2.5
74,B,4.5,4,0,1,3,0,0,0,0,0,0,0,0,1,2,0,5,44,61,0.5x,42,2,3,6,1,2.5
74,A,2.5,11,2,0,1,0,0,0,2,0,0,0,0,1,0,1,2,58,61,0.5x,42,2,3,6,1,2.5
75,B,4.5,8,7,1,6,0,0,0,1,0,1,0,0,2,1,4,10,107,76,0.5x,42,2,3,6,1,2.5
75,C,6.5,10,6,1,3,0,0,0,3,1,0,0,0,5,1,0,9,71,76,0.5x,42,2,3,6,1,2.5
75,A,2.5,10,7,0,3,0,0,0,1,1,2,0,0,3,0,4,16,93,76,0.5x,42,2,3,6,1,2.5
75,D,8.5,0,0,0,0,0,0,0,0,0,0,0,0,0,0,0,0,1,76,0.5x,42,2,3,6,1,2.5
76,D,8,10,6,0,2,0,0,0,1,3,2,0,0,2,1,5,5,83,5,0.5x,217,2,2,10,0,2
76,C,6,13,12,0,6,0,0,0,2,3,0,0,0,4,0,2,11,142,5,0.5x,217,2,2,10,0,2
76,B,4,35,16,0,16,0,0,0,0,3,0,0,0,5,0,14,16,237,5,0.5x,217,2,2,10,0,2
76,A,2,4,0,0,2,0,0,1,0,0,0,0,0,0,0,1,2,43,5,0.5x,217,2,2,10,0,2
77,C,7,16,2,0,1,0,0,0,0,0,0,0,0,4,1,3,8,93,18,1x,217,3,3,10,0,3
77,A,3,34,15,0,7,0,0,1,1,0,0,0,0,6,3,8,42,237,18,1x,217,3,3,10,0,3
77,B,5,22,11,0,8,0,0,0,0,2,0,0,0,2,0,7,17,137,18,1x,217,3,3,10,0,3
77,D,9,14,5,0,3,0,0,0,0,0,0,0,0,3,0,1,12,89,18,1x,217,3,3,10,0,3
78,C,7,15,9,0,2,0,0,1,3,4,1,0,0,12,1,1,16,155,42,0.5x,217,2,4,8,2,3
78,A,3,32,9,0,1,0,0,1,0,1,0,0,0,7,0,8,13,157,42,0.5x,217,2,4,8,2,3
78,D,9,15,4,1,3,0,0,0,0,0,0,0,0,4,0,6,17,113,42,0.5x,217,2,4,8,2,3
78,B,5,16,7,0,4,0,0,0,0,0,0,0,0,3,0,4,14,135,42,0.5x,217,2,4,8,2,3
79,C,6.5,12,6,0,6,0,0,0,1,1,0,0,0,4,1,2,7,102,26,0.5x,217,2,3,8,1,2.5
79,D,8.5,15,7,0,3,0,0,0,2,1,0,0,0,3,0,1,13,100,26,0.5x,217,2,3,8,1,2.5
79,B,4.5,48,7,0,4,0,0,1,2,1,1,0,0,8,3,16,34,337,26,0.5x,217,2,3,8,1,2.5
79,A,2.5,34,6,1,5,0,0,1,1,1,0,0,0,4,0,7,16,170,26,0.5x,217,2,3,8,1,2.5
8,D,8,24,16,0,10,0,0,0,7,4,0,0,0,8,6,4,35,262,26,0.5x,217,2,2,10,0,2
8,B,4,39,10,0,5,0,0,0,1,2,0,0,0,8,4,12,27,240,26,0.5x,217,2,2,10,0,2
8,C,6,11,14,0,2,0,0,0,1,0,0,0,0,3,0,2,10,100,26,0.5x,217,2,2,10,0,2
8,A,2,38,16,1,6,2,0,1,1,0,1,0,0,5,0,12,29,256,26,0.5x,217,2,2,10,0,2
80,D,8.5,6,2,1,2,0,0,0,0,0,0,0,0,5,0,1,6,35,24,2x,217,2,3,7,1,2.5
80,A,2.5,31,9,0,0,0,0,1,1,1,1,0,1,3,1,9,15,208,24,2x,217,2,3,7,1,2.5
80,C,6.5,19,5,0,5,0,0,0,0,3,0,0,0,7,1,6,10,155,24,2x,217,2,3,7,1,2.5
80,B,4.5,35,39,2,7,0,0,0,1,3,0,0,0,13,0,13,24,309,24,2x,217,2,3,7,1,2.5
81,B,5,52,12,0,7,0,0,0,2,1,0,0,0,7,0,7,23,225,13,2x,217,3,3,9,0,3
81,A,3,7,8,0,0,0,0,0,0,1,0,0,0,1,1,6,14,80,13,2x,217,3,3,9,0,3
81,C,7,38,12,0,11,0,0,0,1,3,0,0,0,4,4,7,30,228,13,2x,217,3,3,9,0,3
81,D,9,10,1,0,4,0,0,0,0,1,0,0,0,1,1,0,9,67,13,2x,217,3,3,9,0,3
82,C,6.5,14,7,1,7,0,0,0,0,1,0,0,0,2,1,4,15,142,14,1x,217,2,3,7,1,2.5
82,A,2.5,32,13,1,1,0,0,0,4,0,0,0,0,2,3,3,20,165,14,1x,217,2,3,7,1,2.5
82,D,8.5,22,7,0,4,0,0,0,0,1,0,0,0,7,0,5,17,132,14,1x,217,2,3,7,1,2.5
82,B,4.5,33,20,0,6,0,0,0,2,3,1,0,0,1,1,6,27,220,14,1x,217,2,3,7,1,2.5
83,B,4,9,5,0,2,0,0,0,0,0,0,0,0,4,0,3,6,80,41,1x,217,2,2,6,0,2
83,A,2,35,9,0,4,0,0,0,0,2,1,0,0,7,5,4,28,226,41,1x,217,2,2,6,0,2
83,D,8,14,5,1,6,0,0,0,1,0,0,0,0,6,1,3,17,105,41,1x,217,2,2,6,0,2
83,C,6,31,10,1,3,0,1,0,2,3,0,0,0,8,2,9,25,230,41,1x,217,2,2,6,0,2
84,B,4.5,30,9,0,8,0,0,0,0,3,2,0,0,7,1,10,26,212,44,1x,217,2,3,6,1,2.5
84,A,2.5,33,16,0,3,0,0,0,4,2,0,0,0,4,1,10,34,240,44,1x,217,2,3,6,1,2.5
84,D,8.5,14,9,1,3,0,0,0,1,2,0,0,0,5,2,5,21,116,44,1x,217,2,3,6,1,2.5
84,C,6.5,25,10,0,4,0,0,1,1,3,0,0,0,5,0,6,19,172,44,1x,217,2,3,6,1,2.5
85,C,6,17,3,1,2,0,0,0,0,1,0,0,0,4,1,4,16,98,30,1x,217,2,2,6,0,2
85,A,2,28,5,0,0,0,0,0,1,2,0,0,0,3,0,9,27,165,30,1x,217,2,2,6,0,2
85,B,4,4,1,0,1,0,0,0,1,1,1,0,0,1,1,2,1,30,30,1x,217,2,2,6,0,2
85,D,8,6,1,0,2,0,0,0,0,0,0,0,0,0,0,0,6,41,30,1x,217,2,2,6,0,2
86,B,4.5,19,8,0,2,0,0,0,2,2,2,0,0,3,0,3,14,122,37,0.5x,217,2,3,6,1,2.5
86,C,6.5,12,6,0,0,0,0,1,0,1,1,0,0,2,2,6,12,123,37,0.5x,217,2,3,6,1,2.5
86,D,8.5,3,2,0,0,0,0,0,0,4,1,0,0,2,0,1,3,28,37,0.5x,217,2,3,6,1,2.5
86,A,2.5,27,8,1,4,0,0,1,1,0,0,0,0,8,4,5,25,180,37,0.5x,217,2,3,6,1,2.5
87,C,6,33,14,0,4,0,0,0,2,1,0,0,0,5,0,8,11,184,12,0.5x,217,2,2,6,0,2
87,D,8,16,7,0,3,0,0,0,1,0,0,0,0,6,0,0,7,87,12,0.5x,217,2,2,6,0,2
87,A,2,27,8,1,1,0,0,1,0,2,0,0,0,4,1,6,35,195,12,0.5x,217,2,2,6,0,2
87,B,4,20,5,0,2,0,0,1,1,4,0,0,0,2,0,7,13,125,12,0.5x,217,2,2,6,0,2
88,B,4.5,21,6,0,3,0,0,0,2,2,0,0,0,4,1,4,15,120,1,2x,217,2,3,6,1,2.5
88,A,2.5,20,10,0,2,0,0,0,1,0,0,0,0,4,1,1,17,135,1,2x,217,2,3,6,1,2.5
88,D,8.5,11,8,2,7,0,0,0,1,3,1,0,0,2,0,3,9,97,1,2x,217,2,3,6,1,2.5
89,D,8,13,2,0,1,0,0,0,0,1,1,0,0,5,0,4,5,67,56,0.5x,217,2,2,6,0,2
89,C,6,17,8,0,3,0,0,0,0,0,0,0,0,8,1,3,13,144,56,0.5x,217,2,2,6,0,2
89,B,4,30,16,1,8,0,0,0,2,3,0,0,0,7,1,18,24,271,56,0.5x,217,2,2,6,0,2
89,A,2,13,0,0,0,0,0,0,0,0,0,0,0,5,0,2,17,119,56,0.5x,217,2,2,6,0,2
9,D,8,23,15,1,6,0,0,0,1,1,0,0,0,7,0,5,20,202,62,1x,217,2,2,10,0,2
9,C,6,8,6,0,1,0,0,1,3,0,1,0,0,2,2,3,9,110,62,1x,217,2,2,10,0,2
9,B,4,43,13,0,2,0,0,0,0,0,0,0,0,2,0,3,24,196,62,1x,217,2,2,10,0,2
9,A,2,39,10,0,5,0,0,0,0,2,0,0,0,5,5,3,32,233,62,1x,217,2,2,10,0,2
90,C,6,29,7,2,7,0,0,0,1,2,1,0,0,6,0,7,18,180,66,2x,217,2,2,6,0,2
90,D,8,9,2,0,2,0,0,0,0,0,0,0,0,4,0,4,7,74,66,2x,217,2,2,6,0,2
90,B,4,32,8,0,5,0,0,0,2,3,0,0,0,3,0,8,22,212,66,2x,217,2,2,6,0,2
90,A,2,11,6,0,2,0,0,0,0,1,1,0,0,2,0,2,8,83,66,2x,217,2,2,6,0,2
91,C,10,3,3,0,1,1,0,0,0,1,0,0,0,2,0,0,8,49,43,1x,42,5,7,9,2,6
91,D,12,17,11,1,6,0,0,1,3,0,0,0,0,7,0,5,21,144,43,1x,42,5,7,9,2,6
91,B,8,14,6,1,5,0,0,1,3,1,3,0,0,4,0,1,16,133,43,1x,42,5,7,9,2,6
91,A,6,18,6,0,1,0,0,0,3,0,0,0,0,4,1,2,13,98,43,1x,42,5,7,9,2,6
92,C,8.5,0,0,0,0,0,0,0,0,0,0,0,0,0,0,0,0,0,77,1x,42,4,5,10,1,4.5
92,B,6.5,0,0,0,0,0,0,0,0,0,0,0,0,0,0,0,0,0,77,1x,42,4,5,10,1,4.5
92,D,10.5,0,0,0,0,0,0,0,0,0,0,0,0,0,0,0,0,0,77,1x,42,4,5,10,1,4.5
92,A,4.5,0,0,0,0,0,0,0,0,0,0,0,0,0,0,0,0,1,77,1x,42,4,5,10,1,4.5
93,B,9.5,0,0,0,0,0,0,0,0,0,0,0,0,0,0,0,0,0,31,1x,42,7,8,8,1,7.5
93,C,11.5,0,0,0,0,0,0,0,0,0,0,0,0,0,0,0,0,0,31,1x,42,7,8,8,1,7.5
93,D,13.5,0,0,0,0,0,0,0,0,0,0,0,0,0,0,0,0,0,31,1x,42,7,8,8,1,7.5
93,A,7.5,0,0,0,0,0,0,0,0,0,0,0,0,0,0,0,0,0,31,1x,42,7,8,8,1,7.5
94,D,12.5,0,0,0,0,0,0,0,0,0,0,0,0,0,0,0,0,0,28,1x,42,6,7,5,1,6.5
94,A,6.5,0,0,0,0,0,0,0,0,0,0,0,0,0,0,0,0,0,28,1x,42,6,7,5,1,6.5
94,C,10.5,0,0,0,0,0,0,0,0,0,0,0,0,0,0,0,0,0,28,1x,42,6,7,5,1,6.5
94,B,8.5,0,0,0,0,0,0,0,0,0,0,0,0,0,0,0,0,0,28,1x,42,6,7,5,1,6.5
95,A,7.5,23,9,2,4,0,0,0,4,0,1,0,0,5,1,5,17,169,2,2x,42,7,8,10,1,7.5
95,C,11.5,9,5,0,4,0,0,0,0,2,0,0,0,1,1,4,6,135,2,2x,42,7,8,10,1,7.5
95,B,9.5,29,17,3,11,0,0,1,7,5,1,0,0,12,5,9,25,274,2,2x,42,7,8,10,1,7.5
95,D,13.5,12,5,1,1,0,0,0,2,0,0,0,0,4,0,5,7,135,2,2x,42,7,8,10,1,7.5
96,A,4,0,0,0,0,0,0,0,0,0,0,0,0,0,0,0,0,0,28,1x,42,3,5,7,2,4
96,B,6,0,0,0,0,0,0,0,0,0,0,0,0,0,0,0,0,0,28,1x,42,3,5,7,2,4
96,D,10,0,0,0,0,0,0,0,0,0,0,0,0,0,0,0,0,0,28,1x,42,3,5,7,2,4
96,C,8,0,0,0,0,0,0,0,0,0,0,0,0,0,0,0,0,0,28,1x,42,3,5,7,2,4
97,B,7,24,7,1,7,0,0,0,0,3,0,0,0,5,3,9,20,160,41,1x,217,4,6,6,2,5
97,A,5,41,16,0,3,0,0,0,1,7,0,0,0,15,1,10,27,264,41,1x,217,4,6,6,2,5
97,C,9,22,11,0,4,0,0,2,0,3,1,0,0,6,0,11,11,172,41,1x,217,4,6,6,2,5
97,D,11,11,9,0,1,0,0,0,0,0,0,0,0,4,0,3,4,121,41,1x,217,4,6,6,2,5
99,C,10.5,17,7,1,4,0,0,1,5,2,2,0,0,4,0,7,22,155,44,1x,217,6,7,10,1,6.5
99,A,6.5,39,17,0,10,0,0,0,4,1,0,0,0,9,1,9,35,269,44,1x,217,6,7,10,1,6.5
99,B,8.5,29,16,0,4,0,0,4,1,3,0,0,0,7,1,6,26,218,44,1x,217,6,7,10,1,6.5
99,D,12.5,23,5,4,4,0,0,0,4,7,1,0,0,5,0,9,10,146,44,1x,217,6,7,10,1,6.5
