vial_num,vial_letter,fecundity,MaternalVial,Treatment,PaternalStock,min_age,max_age,num_moms,age_diff,avg_age
1,A,24.8,16,1x,42,2,2,10,0,2
1,D,18.1,16,1x,42,2,2,10,0,2
1,C,16.8,16,1x,42,2,2,10,0,2
1,B,27.4,16,1x,42,2,2,10,0,2
10,A,32.3,53,2x,217,2,2,10,0,2
10,D,31.3,53,2x,217,2,2,10,0,2
10,C,9.2,53,2x,217,2,2,10,0,2
10,B,10.3,53,2x,217,2,2,10,0,2
100,D,29.4285714285714,47,0.5x,217,6,6,7,0,6
100,B,31.8571428571429,47,0.5x,217,6,6,7,0,6
100,A,44.4285714285714,47,0.5x,217,6,6,7,0,6
100,C,19.7142857142857,47,0.5x,217,6,6,7,0,6
101,A,22.1428571428571,75,1x,42,4,5,7,1,4.5
101,D,20.4285714285714,75,1x,42,4,5,7,1,4.5
101,C,16.2857142857143,75,1x,42,4,5,7,1,4.5
101,B,6.85714285714286,75,1x,42,4,5,7,1,4.5
102,A,4.9,74,2x,42,4,4,10,0,4
102,C,3.1,74,2x,42,4,4,10,0,4
102,D,2.5,74,2x,42,4,4,10,0,4
102,B,4.2,74,2x,42,4,4,10,0,4
103,A,0,61,0.5x,42,6,6,7,0,6
103,D,0,61,0.5x,42,6,6,7,0,6
103,C,0,61,0.5x,42,6,6,7,0,6
103,B,0,61,0.5x,42,6,6,7,0,6
104,C,12.9,66,2x,217,4,4,10,0,4
104,B,8.3,66,2x,217,4,4,10,0,4
104,A,28.1,66,2x,217,4,4,10,0,4
104,D,17.8,66,2x,217,4,4,10,0,4
105,B,32.8333333333333,53,2x,217,7,7,6,0,7
105,A,13.3333333333333,53,2x,217,7,7,6,0,7
105,C,10.8333333333333,53,2x,217,7,7,6,0,7
105,D,38.3333333333333,53,2x,217,7,7,6,0,7
106,A,7,57,1x,217,6,6,7,0,6
106,C,16.1428571428571,57,1x,217,6,6,7,0,6
106,B,36.2857142857143,57,1x,217,6,6,7,0,6
106,D,21.8571428571429,57,1x,217,6,6,7,0,6
107,A,18.5555555555556,69,1x,217,5,5,9,0,5
107,C,29.4444444444444,69,1x,217,5,5,9,0,5
107,D,19.2222222222222,69,1x,217,5,5,9,0,5
107,B,23.7777777777778,69,1x,217,5,5,9,0,5
108,C,2.45454545454545,72,1x,42,5,6,11,1,5.5
108,A,9.72727272727273,72,1x,42,5,6,11,1,5.5
108,B,10.6363636363636,72,1x,42,5,6,11,1,5.5
108,D,6.63636363636364,72,1x,42,5,6,11,1,5.5
109,D,14.6666666666667,73,2x,42,4,5,6,1,4.5
109,A,34.1666666666667,73,2x,42,4,5,6,1,4.5
109,C,16.5,73,2x,42,4,5,6,1,4.5
109,B,9.5,73,2x,42,4,5,6,1,4.5
11,B,19.8,53,2x,217,2,2,10,0,2
11,A,18.4,53,2x,217,2,2,10,0,2
11,C,28.8,53,2x,217,2,2,10,0,2
11,D,5.4,53,2x,217,2,2,10,0,2
110,B,22.5714285714286,51,0.5x,42,5,5,7,0,5
110,A,23.7142857142857,51,0.5x,42,5,5,7,0,5
110,C,6.85714285714286,51,0.5x,42,5,5,7,0,5
110,D,24.5714285714286,51,0.5x,42,5,5,7,0,5
111,D,0,61,0.5x,42,5,5,6,0,5
111,A,0,61,0.5x,42,5,5,6,0,5
111,C,0,61,0.5x,42,5,5,6,0,5
111,B,0,61,0.5x,42,5,5,6,0,5
112,B,26.6666666666667,40,2x,217,5,7,6,2,6
112,D,15.5,40,2x,217,5,7,6,2,6
112,A,24.6666666666667,40,2x,217,5,7,6,2,6
112,C,25.3333333333333,40,2x,217,5,7,6,2,6
113,C,36,17,0.5x,217,4,4,6,0,4
113,D,18.6666666666667,17,0.5x,217,4,4,6,0,4
113,A,33.5,17,0.5x,217,4,4,6,0,4
113,B,34.1666666666667,17,0.5x,217,4,4,6,0,4
114,C,29,57,1x,217,5,5,9,0,5
114,A,23.1111111111111,57,1x,217,5,5,9,0,5
114,D,23.8888888888889,57,1x,217,5,5,9,0,5
114,B,6.11111111111111,57,1x,217,5,5,9,0,5
115,B,18.1428571428571,25,0.5x,217,4,6,7,2,5
115,A,28.5714285714286,25,0.5x,217,4,6,7,2,5
115,C,22.4285714285714,25,0.5x,217,4,6,7,2,5
115,D,13.1428571428571,25,0.5x,217,4,6,7,2,5
116,A,20.8571428571429,54,0.5x,42,4,5,7,1,4.5
116,B,9.14285714285714,54,0.5x,42,4,5,7,1,4.5
116,C,29.1428571428571,54,0.5x,42,4,5,7,1,4.5
116,D,13.1428571428571,54,0.5x,42,4,5,7,1,4.5
117,B,13,49,2x,42,7,7,8,0,7
117,A,11.625,49,2x,42,7,7,8,0,7
117,C,31.875,49,2x,42,7,7,8,0,7
117,D,7.75,49,2x,42,7,7,8,0,7
118,A,16.125,49,2x,42,6,6,8,0,6
118,B,18.625,49,2x,42,6,6,8,0,6
118,C,18.625,49,2x,42,6,6,8,0,6
118,D,8.625,49,2x,42,6,6,8,0,6
119,B,13.8333333333333,55,1x,42,5,5,6,0,5
119,A,15.5,55,1x,42,5,5,6,0,5
119,C,8.5,55,1x,42,5,5,6,0,5
119,D,6.33333333333333,55,1x,42,5,5,6,0,5
12,A,0,55,1x,42,2,2,10,0,2
12,C,0,55,1x,42,2,2,10,0,2
12,D,0,55,1x,42,2,2,10,0,2
12,B,0,55,1x,42,2,2,10,0,2
120,C,32.4444444444444,13,2x,217,6,7,9,1,6.5
120,A,5.88888888888889,13,2x,217,6,7,9,1,6.5
120,D,17.2222222222222,13,2x,217,6,7,9,1,6.5
120,B,8.66666666666667,13,2x,217,6,7,9,1,6.5
121,D,15.625,53,2x,217,6,6,8,0,6
121,C,35.875,53,2x,217,6,6,8,0,6
121,B,24.75,53,2x,217,6,6,8,0,6
121,A,22.375,53,2x,217,6,6,8,0,6
122,D,18.1428571428571,45,0.5x,217,6,6,7,0,6
122,C,18.8571428571429,45,0.5x,217,6,6,7,0,6
122,A,29.5714285714286,45,0.5x,217,6,6,7,0,6
122,B,18.8571428571429,45,0.5x,217,6,6,7,0,6
123,C,31.6666666666667,50,2x,42,5,5,9,0,5
123,D,10.7777777777778,50,2x,42,5,5,9,0,5
123,A,19.7777777777778,50,2x,42,5,5,9,0,5
123,B,6.44444444444444,50,2x,42,5,5,9,0,5
124,D,9.7,39,1x,42,6,6,10,0,6
124,C,29,39,1x,42,6,6,10,0,6
124,B,25.6,39,1x,42,6,6,10,0,6
124,A,12.1,39,1x,42,6,6,10,0,6
125,D,0,48,0.5x,42,6,6,6,0,6
125,C,0,48,0.5x,42,6,6,6,0,6
125,A,0,48,0.5x,42,6,6,6,0,6
125,B,1.16666666666667,48,0.5x,42,6,6,6,0,6
126,A,9.66666666666667,38,0.5x,42,6,6,9,0,6
126,B,9.88888888888889,38,0.5x,42,6,6,9,0,6
126,C,6.33333333333333,38,0.5x,42,6,6,9,0,6
126,D,3.88888888888889,38,0.5x,42,6,6,9,0,6
127,A,0,34,2x,42,4,4,7,0,4
127,C,0,34,2x,42,4,4,7,0,4
127,D,0,34,2x,42,4,4,7,0,4
128,C,43.3333333333333,14,1x,217,5,5,6,0,5
128,D,39.6666666666667,14,1x,217,5,5,6,0,5
128,B,29.8333333333333,14,1x,217,5,5,6,0,5
128,A,34,14,1x,217,5,5,6,0,5
13,C,6.625,25,0.5x,217,5,5,8,0,5
13,D,33.875,25,0.5x,217,5,5,8,0,5
13,B,26.75,25,0.5x,217,5,5,8,0,5
13,A,22.5,25,0.5x,217,5,5,8,0,5
130,C,16.875,4,1x,217,5,6,8,1,5.5
130,A,31.125,4,1x,217,5,6,8,1,5.5
130,B,19.625,4,1x,217,5,6,8,1,5.5
130,D,12.5,4,1x,217,5,6,8,1,5.5
131,A,19.8888888888889,13,2x,217,5,5,9,0,5
131,C,34.7777777777778,13,2x,217,5,5,9,0,5
131,B,15.1111111111111,13,2x,217,5,5,9,0,5
131,D,13.4444444444444,13,2x,217,5,5,9,0,5
132,C,39.7142857142857,9,1x,217,5,7,7,2,6
132,A,43.5714285714286,9,1x,217,5,7,7,2,6
132,B,26,9,1x,217,5,7,7,2,6
132,D,24,9,1x,217,5,7,7,2,6
133,A,31.3333333333333,12,0.5x,217,5,6,6,1,5.5
133,C,38.3333333333333,12,0.5x,217,5,6,6,1,5.5
133,D,19,12,0.5x,217,5,6,6,1,5.5
133,B,21.8333333333333,12,0.5x,217,5,6,6,1,5.5
134,D,11.5,35,0.5x,42,6,6,6,0,6
134,A,15,35,0.5x,42,6,6,6,0,6
134,C,29.3333333333333,35,0.5x,42,6,6,6,0,6
134,B,12.3333333333333,35,0.5x,42,6,6,6,0,6
135,D,0,33,0.5x,42,6,7,8,1,6.5
135,A,0,33,0.5x,42,6,7,8,1,6.5
135,C,0,33,0.5x,42,6,7,8,1,6.5
135,B,0,33,0.5x,42,6,7,8,1,6.5
137,C,30.375,32,0.5x,42,6,7,8,1,6.5
137,D,11,32,0.5x,42,6,7,8,1,6.5
137,A,11.125,32,0.5x,42,6,7,8,1,6.5
137,B,13,32,0.5x,42,6,7,8,1,6.5
138,D,11.3333333333333,34,2x,42,7,7,6,0,7
138,C,17.6666666666667,34,2x,42,7,7,6,0,7
138,A,6.16666666666667,34,2x,42,7,7,6,0,7
138,B,12.8333333333333,34,2x,42,7,7,6,0,7
139,D,21.4285714285714,21,0.5x,42,5,7,7,2,6
139,B,14.1428571428571,21,0.5x,42,5,7,7,2,6
139,C,41.1428571428571,21,0.5x,42,5,7,7,2,6
139,A,23,21,0.5x,42,5,7,7,2,6
14,D,47.1666666666667,24,2x,217,7,7,6,0,7
14,A,40.1666666666667,24,2x,217,7,7,6,0,7
14,B,34.6666666666667,24,2x,217,7,7,6,0,7
14,C,16.6666666666667,24,2x,217,7,7,6,0,7
140,A,14.3333333333333,50,2x,42,6,6,6,0,6
140,C,36.3333333333333,50,2x,42,6,6,6,0,6
140,D,10.5,50,2x,42,6,6,6,0,6
140,B,12,50,2x,42,6,6,6,0,6
141,C,11.3333333333333,20,1x,42,3,4,6,1,3.5
141,A,0.166666666666667,20,1x,42,3,4,6,1,3.5
141,D,7.83333333333333,20,1x,42,3,4,6,1,3.5
141,B,10.1666666666667,20,1x,42,3,4,6,1,3.5
142,D,0,2,2x,42,4,5,6,1,4.5
142,C,0.833333333333333,2,2x,42,4,5,6,1,4.5
142,B,0.666666666666667,2,2x,42,4,5,6,1,4.5
142,A,1,2,2x,42,4,5,6,1,4.5
147,B,16,44,1x,217,3,3,9,0,3
147,C,32.5555555555556,44,1x,217,3,3,9,0,3
147,A,28.7777777777778,44,1x,217,3,3,9,0,3
147,D,22.6666666666667,44,1x,217,3,3,9,0,3
148,A,12.125,30,1x,217,2,3,8,1,2.5
148,B,30.375,30,1x,217,2,3,8,1,2.5
148,D,28.875,30,1x,217,2,3,8,1,2.5
148,C,27.875,30,1x,217,2,3,8,1,2.5
149,B,22.8571428571429,4,1x,217,2,3,7,1,2.5
149,D,19.4285714285714,4,1x,217,2,3,7,1,2.5
149,A,13.7142857142857,4,1x,217,2,3,7,1,2.5
149,C,34.2857142857143,4,1x,217,2,3,7,1,2.5
15,C,7.75,29,0.5x,217,5,5,8,0,5
15,D,39.125,29,0.5x,217,5,5,8,0,5
15,A,11.25,29,0.5x,217,5,5,8,0,5
15,B,15.75,29,0.5x,217,5,5,8,0,5
150,B,16,12,0.5x,217,2,2,6,0,2
150,D,33.5,12,0.5x,217,2,2,6,0,2
150,A,18.3333333333333,12,0.5x,217,2,2,6,0,2
150,C,27.3333333333333,12,0.5x,217,2,2,6,0,2
151,B,14.875,7,0.5x,42,2,3,8,1,2.5
151,C,15.375,7,0.5x,42,2,3,8,1,2.5
151,A,16.75,7,0.5x,42,2,3,8,1,2.5
151,D,13.625,7,0.5x,42,2,3,8,1,2.5
152,B,5.28571428571429,39,1x,42,2,2,7,0,2
152,A,17.5714285714286,39,1x,42,2,2,7,0,2
152,C,8.28571428571429,39,1x,42,2,2,7,0,2
152,D,8.42857142857143,39,1x,42,2,2,7,0,2
153,B,4.85714285714286,38,0.5x,42,2,2,7,0,2
153,A,32.8571428571429,38,0.5x,42,2,2,7,0,2
153,D,8.85714285714286,38,0.5x,42,2,2,7,0,2
153,C,19.1428571428571,38,0.5x,42,2,2,7,0,2
154,D,5.16666666666667,23,0.5x,42,2,4,6,2,3
154,B,11.5,23,0.5x,42,2,4,6,2,3
154,A,30.5,23,0.5x,42,2,4,6,2,3
154,C,7.5,23,0.5x,42,2,4,6,2,3
155,B,13.8333333333333,11,0.5x,42,2,3,6,1,2.5
155,C,8.83333333333333,11,0.5x,42,2,3,6,1,2.5
155,D,7.83333333333333,11,0.5x,42,2,3,6,1,2.5
155,A,24.8333333333333,11,0.5x,42,2,3,6,1,2.5
156,B,15.7142857142857,43,1x,42,2,3,7,1,2.5
156,C,1.57142857142857,43,1x,42,2,3,7,1,2.5
156,A,24.4285714285714,43,1x,42,2,3,7,1,2.5
156,D,31.2857142857143,43,1x,42,2,3,7,1,2.5
157,C,0,55,1x,42,2,2,6,0,2
157,B,0.333333333333333,55,1x,42,2,2,6,0,2
157,A,0.166666666666667,55,1x,42,2,2,6,0,2
157,D,0,55,1x,42,2,2,6,0,2
158,A,0.166666666666667,19,0.5x,42,2,3,6,1,2.5
158,C,0,19,0.5x,42,2,3,6,1,2.5
158,B,0.166666666666667,19,0.5x,42,2,3,6,1,2.5
158,D,0.5,19,0.5x,42,2,3,6,1,2.5
159,A,8.875,61,0.5x,42,2,2,8,0,2
159,B,7.875,61,0.5x,42,2,2,8,0,2
159,C,1.875,61,0.5x,42,2,2,8,0,2
159,D,5,61,0.5x,42,2,2,8,0,2
160,A,7.5,31,1x,42,2,3,6,1,2.5
160,B,18.6666666666667,31,1x,42,2,3,6,1,2.5
160,C,2.66666666666667,31,1x,42,2,3,6,1,2.5
160,D,18.8333333333333,31,1x,42,2,3,6,1,2.5
161,A,0,35,0.5x,42,3,3,7,0,3
161,B,0,35,0.5x,42,3,3,7,0,3
161,C,0,35,0.5x,42,3,3,7,0,3
161,D,0,35,0.5x,42,3,3,7,0,3
162,A,6.83333333333333,6,0.5x,42,2,4,6,2,3
162,B,29,6,0.5x,42,2,4,6,2,3
162,C,5.5,6,0.5x,42,2,4,6,2,3
162,D,10.5,6,0.5x,42,2,4,6,2,3
163,C,13.8571428571429,76,0.5x,42,4,4,7,0,4
163,A,35.8571428571429,76,0.5x,42,4,4,7,0,4
163,B,43.1428571428571,76,0.5x,42,4,4,7,0,4
163,D,21.4285714285714,76,0.5x,42,4,4,7,0,4
164,D,21.7,43,1x,42,4,4,10,0,4
164,A,5.2,43,1x,42,4,4,10,0,4
164,B,10.7,43,1x,42,4,4,10,0,4
164,C,8.8,43,1x,42,4,4,10,0,4
165,B,0,33,0.5x,42,5,5,6,0,5
165,A,0,33,0.5x,42,5,5,6,0,5
165,C,0,33,0.5x,42,5,5,6,0,5
165,D,0,33,0.5x,42,5,5,6,0,5
166,C,0,46,0.5x,42,4,4,6,0,4
166,B,0,46,0.5x,42,4,4,6,0,4
166,A,0,46,0.5x,42,4,4,6,0,4
166,D,0,46,0.5x,42,4,4,6,0,4
167,D,0,28,1x,42,4,4,6,0,4
167,C,0,28,1x,42,4,4,6,0,4
167,A,0,28,1x,42,4,4,6,0,4
167,B,0,28,1x,42,4,4,6,0,4
168,A,0,48,0.5x,42,3,3,10,0,3
168,D,0,48,0.5x,42,3,3,10,0,3
168,B,0,48,0.5x,42,3,3,10,0,3
168,C,0,48,0.5x,42,3,3,10,0,3
169,A,1.83333333333333,21,0.5x,42,2,4,6,2,3
169,B,1.5,21,0.5x,42,2,4,6,2,3
169,C,0.333333333333333,21,0.5x,42,2,4,6,2,3
169,D,0.666666666666667,21,0.5x,42,2,4,6,2,3
17,A,26.25,18,1x,217,5,7,8,2,6
17,C,53.625,18,1x,217,5,7,8,2,6
17,D,24,18,1x,217,5,7,8,2,6
17,B,8.625,18,1x,217,5,7,8,2,6
170,C,0,27,0.5x,42,2,3,6,1,2.5
170,D,0,27,0.5x,42,2,3,6,1,2.5
170,A,0.166666666666667,27,0.5x,42,2,3,6,1,2.5
170,B,0,27,0.5x,42,2,3,6,1,2.5
171,C,14.8571428571429,37,0.5x,217,3,3,7,0,3
171,D,35.7142857142857,37,0.5x,217,3,3,7,0,3
171,B,20.8571428571429,37,0.5x,217,3,3,7,0,3
171,A,29.4285714285714,37,0.5x,217,3,3,7,0,3
172,D,19,26,0.5x,217,3,4,6,1,3.5
172,A,21.8333333333333,26,0.5x,217,3,4,6,1,3.5
172,C,17.1666666666667,26,0.5x,217,3,4,6,1,3.5
172,B,16,26,0.5x,217,3,4,6,1,3.5
173,D,33.8571428571429,41,1x,217,3,4,7,1,3.5
173,A,16.7142857142857,41,1x,217,3,4,7,1,3.5
173,C,24.1428571428571,41,1x,217,3,4,7,1,3.5
174,B,21.8888888888889,45,0.5x,217,3,4,9,1,3.5
174,C,9.55555555555556,45,0.5x,217,3,4,9,1,3.5
174,A,10.3333333333333,45,0.5x,217,3,4,9,1,3.5
174,D,29.3333333333333,45,0.5x,217,3,4,9,1,3.5
175,B,2.3,52,0.5x,217,3,3,10,0,3
175,A,12.3,52,0.5x,217,3,3,10,0,3
175,C,11.7,52,0.5x,217,3,3,10,0,3
175,D,26.5,52,0.5x,217,3,3,10,0,3
177,A,17.8333333333333,53,2x,217,3,4,6,1,3.5
177,D,14.8333333333333,53,2x,217,3,4,6,1,3.5
177,B,12.1666666666667,53,2x,217,3,4,6,1,3.5
177,C,11.1666666666667,53,2x,217,3,4,6,1,3.5
178,D,20.4285714285714,66,2x,217,6,6,7,0,6
178,A,19.1428571428571,66,2x,217,6,6,7,0,6
178,B,4.42857142857143,66,2x,217,6,6,7,0,6
178,C,5.85714285714286,66,2x,217,6,6,7,0,6
179,B,9.5,65,0.5x,217,3,4,6,1,3.5
179,D,20.6666666666667,65,0.5x,217,3,4,6,1,3.5
179,C,7.5,65,0.5x,217,3,4,6,1,3.5
179,A,13.6666666666667,65,0.5x,217,3,4,6,1,3.5
18,B,34.3333333333333,30,1x,217,5,5,6,0,5
18,A,22.5,30,1x,217,5,5,6,0,5
18,D,42.8333333333333,30,1x,217,5,5,6,0,5
18,C,22.8333333333333,30,1x,217,5,5,6,0,5
180,D,30.4285714285714,68,0.5x,217,3,5,7,2,4
180,A,20.1428571428571,68,0.5x,217,3,5,7,2,4
180,B,9,68,0.5x,217,3,5,7,2,4
180,C,12.5714285714286,68,0.5x,217,3,5,7,2,4
181,D,45,66,2x,217,3,4,6,1,3.5
181,A,19,66,2x,217,3,4,6,1,3.5
181,B,8.83333333333333,66,2x,217,3,4,6,1,3.5
181,C,8,66,2x,217,3,4,6,1,3.5
182,A,32.8,62,1x,217,3,3,10,0,3
182,D,15.2,62,1x,217,3,3,10,0,3
182,B,9.2,62,1x,217,3,3,10,0,3
182,C,1.7,62,1x,217,3,3,10,0,3
183,A,43.1428571428571,47,0.5x,217,3,3,7,0,3
183,C,0.285714285714286,47,0.5x,217,3,3,7,0,3
183,B,23.1428571428571,47,0.5x,217,3,3,7,0,3
183,D,34.4285714285714,47,0.5x,217,3,3,7,0,3
184,D,33.25,57,1x,217,3,3,8,0,3
184,C,4.5,57,1x,217,3,3,8,0,3
184,A,17.75,57,1x,217,3,3,8,0,3
184,B,37.5,57,1x,217,3,3,8,0,3
185,D,24.5,70,0.5x,217,3,5,6,2,4
185,A,14.1666666666667,70,0.5x,217,3,5,6,2,4
185,B,3.66666666666667,70,0.5x,217,3,5,6,2,4
185,C,11.8333333333333,70,0.5x,217,3,5,6,2,4
186,A,25.5714285714286,71,1x,217,3,4,7,1,3.5
186,B,6.85714285714286,71,1x,217,3,4,7,1,3.5
186,C,17,71,1x,217,3,4,7,1,3.5
186,D,31.8571428571429,71,1x,217,3,4,7,1,3.5
187,A,21.3333333333333,47,0.5x,217,3,3,6,0,3
187,B,5.33333333333333,47,0.5x,217,3,3,6,0,3
187,C,19.5,47,0.5x,217,3,3,6,0,3
187,D,28.1666666666667,47,0.5x,217,3,3,6,0,3
188,B,11.8571428571429,62,1x,217,4,4,7,0,4
188,C,25.4285714285714,62,1x,217,4,4,7,0,4
188,D,24.5714285714286,62,1x,217,4,4,7,0,4
188,A,13,62,1x,217,4,4,7,0,4
189,D,24,37,0.5x,217,4,4,8,0,4
189,A,24.5,37,0.5x,217,4,4,8,0,4
189,C,14.75,37,0.5x,217,4,4,8,0,4
189,B,16.5,37,0.5x,217,4,4,8,0,4
19,C,38.3333333333333,24,2x,217,5,6,6,1,5.5
19,D,44,24,2x,217,5,6,6,1,5.5
19,A,23.5,24,2x,217,5,6,6,1,5.5
19,B,33.8333333333333,24,2x,217,5,6,6,1,5.5
190,A,12.6666666666667,5,0.5x,217,4,4,6,0,4
190,C,0,5,0.5x,217,4,4,6,0,4
190,B,0,5,0.5x,217,4,4,6,0,4
190,D,0,5,0.5x,217,4,4,6,0,4
191,A,11.5714285714286,67,0.5x,217,4,4,7,0,4
191,B,12.8571428571429,67,0.5x,217,4,4,7,0,4
191,D,24.2857142857143,67,0.5x,217,4,4,7,0,4
191,C,13.1428571428571,67,0.5x,217,4,4,7,0,4
192,B,23.5,71,1x,217,5,6,6,1,5.5
192,D,28.5,71,1x,217,5,6,6,1,5.5
192,C,14,71,1x,217,5,6,6,1,5.5
192,A,25.3333333333333,71,1x,217,5,6,6,1,5.5
193,D,15.1,60,0.5x,42,2,4,10,2,3
193,C,12.1,60,0.5x,42,2,4,10,2,3
193,A,20,60,0.5x,42,2,4,10,2,3
193,B,12.3,60,0.5x,42,2,4,10,2,3
194,C,30.3333333333333,54,0.5x,42,2,3,6,1,2.5
194,A,34.3333333333333,54,0.5x,42,2,3,6,1,2.5
194,D,27.3333333333333,54,0.5x,42,2,3,6,1,2.5
194,B,34.6666666666667,54,0.5x,42,2,3,6,1,2.5
195,A,0,48,0.5x,42,2,4,6,2,3
195,B,0,48,0.5x,42,2,4,6,2,3
195,C,0,48,0.5x,42,2,4,6,2,3
195,D,0,48,0.5x,42,2,4,6,2,3
196,C,0,35,0.5x,42,2,3,6,1,2.5
196,A,0,35,0.5x,42,2,3,6,1,2.5
196,D,0,35,0.5x,42,2,3,6,1,2.5
197,C,18.4444444444444,51,0.5x,42,2,3,9,1,2.5
197,D,14.5555555555556,51,0.5x,42,2,3,9,1,2.5
197,A,18.3333333333333,51,0.5x,42,2,3,9,1,2.5
197,B,17.2222222222222,51,0.5x,42,2,3,9,1,2.5
198,D,20.7777777777778,72,1x,42,2,2,9,0,2
198,A,23,72,1x,42,2,2,9,0,2
198,B,7.44444444444444,72,1x,42,2,2,9,0,2
198,C,10.8888888888889,72,1x,42,2,2,9,0,2
199,C,5,77,1x,42,3,4,6,1,3.5
199,A,3,77,1x,42,3,4,6,1,3.5
199,D,2,77,1x,42,3,4,6,1,3.5
199,B,7.33333333333333,77,1x,42,3,4,6,1,3.5
2,A,26.4,24,2x,217,2,2,10,0,2
2,D,14.2,24,2x,217,2,2,10,0,2
2,C,21.5,24,2x,217,2,2,10,0,2
2,B,36.4,24,2x,217,2,2,10,0,2
20,C,17.1666666666667,30,1x,217,6,6,6,0,6
20,D,37.6666666666667,30,1x,217,6,6,6,0,6
20,A,39.6666666666667,30,1x,217,6,6,6,0,6
20,B,23.5,30,1x,217,6,6,6,0,6
200,D,9.83333333333333,75,1x,42,2,2,6,0,2
200,C,18.6666666666667,75,1x,42,2,2,6,0,2
200,B,0.333333333333333,75,1x,42,2,2,6,0,2
200,A,13.1666666666667,75,1x,42,2,2,6,0,2
202,D,28.5,73,2x,42,2,3,6,1,2.5
202,C,13.8333333333333,73,2x,42,2,3,6,1,2.5
202,B,0,73,2x,42,2,3,6,1,2.5
202,A,6,73,2x,42,2,3,6,1,2.5
203,C,11.8888888888889,43,1x,42,2,2,9,0,2
203,B,0,43,1x,42,2,2,9,0,2
203,D,16.8888888888889,43,1x,42,2,2,9,0,2
203,A,4.22222222222222,43,1x,42,2,2,9,0,2
204,D,11.625,39,1x,42,2,3,8,1,2.5
204,C,9.125,39,1x,42,2,3,8,1,2.5
204,B,0,39,1x,42,2,3,8,1,2.5
204,A,3.625,39,1x,42,2,3,8,1,2.5
205,B,0,11,0.5x,42,2,3,6,1,2.5
205,D,8.5,11,0.5x,42,2,3,6,1,2.5
205,C,4.33333333333333,11,0.5x,42,2,3,6,1,2.5
205,A,10.6666666666667,11,0.5x,42,2,3,6,1,2.5
206,D,0,28,1x,42,2,3,6,1,2.5
206,C,0,28,1x,42,2,3,6,1,2.5
206,A,0,28,1x,42,2,3,6,1,2.5
207,A,20.3333333333333,34,2x,42,2,4,6,2,3
207,C,8.83333333333333,34,2x,42,2,4,6,2,3
207,D,12.8333333333333,34,2x,42,2,4,6,2,3
21,B,36,36,2x,217,5,6,7,1,5.5
21,D,20.2857142857143,36,2x,217,5,6,7,1,5.5
21,C,19.4285714285714,36,2x,217,5,6,7,1,5.5
21,A,35.8571428571429,36,2x,217,5,6,7,1,5.5
210,C,9.14285714285714,62,1x,217,2,4,7,2,3
210,A,8.71428571428571,62,1x,217,2,4,7,2,3
210,D,32.8571428571429,62,1x,217,2,4,7,2,3
210,B,0,62,1x,217,2,4,7,2,3
211,C,11.125,66,2x,217,3,3,8,0,3
211,D,19.25,66,2x,217,3,3,8,0,3
211,B,0,66,2x,217,3,3,8,0,3
211,A,18.125,66,2x,217,3,3,8,0,3
212,A,14.8571428571429,70,0.5x,217,3,3,7,0,3
212,D,43.4285714285714,70,0.5x,217,3,3,7,0,3
212,C,33.1428571428571,70,0.5x,217,3,3,7,0,3
22,D,11.7,36,2x,217,4,4,10,0,4
22,C,12.8,36,2x,217,4,4,10,0,4
22,B,14,36,2x,217,4,4,10,0,4
22,A,11.9,36,2x,217,4,4,10,0,4
23,B,11.1111111111111,36,2x,217,4,4,9,0,4
23,A,25.3333333333333,36,2x,217,4,4,9,0,4
23,C,12.7777777777778,36,2x,217,4,4,9,0,4
23,D,23.2222222222222,36,2x,217,4,4,9,0,4
24,C,13.375,37,0.5x,217,4,4,8,0,4
24,D,38.375,37,0.5x,217,4,4,8,0,4
24,A,28,37,0.5x,217,4,4,8,0,4
24,B,33.5,37,0.5x,217,4,4,8,0,4
25,D,21.25,41,1x,217,5,5,8,0,5
25,B,21.25,41,1x,217,5,5,8,0,5
25,A,8.625,41,1x,217,5,5,8,0,5
25,C,11,41,1x,217,5,5,8,0,5
26,B,27,40,2x,217,4,4,6,0,4
26,D,30.3333333333333,40,2x,217,4,4,6,0,4
26,C,33.3333333333333,40,2x,217,4,4,6,0,4
26,A,25.5,40,2x,217,4,4,6,0,4
27,B,11.2857142857143,40,2x,217,5,5,7,0,5
27,A,34.7142857142857,40,2x,217,5,5,7,0,5
27,D,48.2857142857143,40,2x,217,5,5,7,0,5
27,C,10.7142857142857,40,2x,217,5,5,7,0,5
28,B,15.25,40,2x,217,5,5,8,0,5
28,D,24.125,40,2x,217,5,5,8,0,5
28,A,28.25,40,2x,217,5,5,8,0,5
28,C,11,40,2x,217,5,5,8,0,5
29,B,28.6666666666667,42,0.5x,217,5,5,6,0,5
29,A,18.5,42,0.5x,217,5,5,6,0,5
29,D,24.8333333333333,42,0.5x,217,5,5,6,0,5
29,C,19.5,42,0.5x,217,5,5,6,0,5
3,A,21.5,1,2x,217,2,2,10,0,2
3,C,15.8,1,2x,217,2,2,10,0,2
3,B,28.1,1,2x,217,2,2,10,0,2
3,D,11.9,1,2x,217,2,2,10,0,2
30,B,25.3333333333333,1,2x,217,7,7,9,0,7
30,A,51.4444444444444,1,2x,217,7,7,9,0,7
30,D,17.8888888888889,1,2x,217,7,7,9,0,7
30,C,8.55555555555556,1,2x,217,7,7,9,0,7
31,B,0.428571428571429,20,1x,42,5,5,7,0,5
31,A,0.571428571428571,20,1x,42,5,5,7,0,5
31,D,0,20,1x,42,5,5,7,0,5
31,C,0,20,1x,42,5,5,7,0,5
32,C,8.5,20,1x,42,6,6,8,0,6
32,A,5.625,20,1x,42,6,6,8,0,6
32,D,15.5,20,1x,42,6,6,8,0,6
32,B,18.5,20,1x,42,6,6,8,0,6
33,A,11,2,2x,42,7,7,7,0,7
33,B,19,2,2x,42,7,7,7,0,7
33,D,21,2,2x,42,7,7,7,0,7
33,C,14.5714285714286,2,2x,42,7,7,7,0,7
34,A,17.875,16,1x,42,6,6,8,0,6
34,B,15.25,16,1x,42,6,6,8,0,6
34,C,14.875,16,1x,42,6,6,8,0,6
34,D,14.375,16,1x,42,6,6,8,0,6
35,A,30.25,3,1x,42,7,7,8,0,7
35,C,20.125,3,1x,42,7,7,8,0,7
35,B,16.875,3,1x,42,7,7,8,0,7
35,D,18.75,3,1x,42,7,7,8,0,7
36,D,21.5714285714286,7,0.5x,42,5,6,7,1,5.5
36,C,18.4285714285714,7,0.5x,42,5,6,7,1,5.5
36,A,19.4285714285714,7,0.5x,42,5,6,7,1,5.5
36,B,14.7142857142857,7,0.5x,42,5,6,7,1,5.5
37,A,6,33,0.5x,42,6,6,7,0,6
37,C,0,33,0.5x,42,6,6,7,0,6
37,D,0,33,0.5x,42,6,6,7,0,6
37,B,0,33,0.5x,42,6,6,7,0,6
38,A,25.4285714285714,8,0.5x,217,6,6,7,0,6
38,C,21.7142857142857,8,0.5x,217,6,6,7,0,6
38,D,37.7142857142857,8,0.5x,217,6,6,7,0,6
38,B,39.5714285714286,8,0.5x,217,6,6,7,0,6
39,A,25,4,1x,217,7,7,6,0,7
39,B,50,4,1x,217,7,7,6,0,7
39,C,14.8333333333333,4,1x,217,7,7,6,0,7
39,D,22.3333333333333,4,1x,217,7,7,6,0,7
40,B,0,23,0.5x,42,4,6,13,2,5
40,D,0,23,0.5x,42,4,6,13,2,5
40,A,0,23,0.5x,42,4,6,13,2,5
41,D,18.6,1,2x,217,5,7,10,2,6
41,A,19.1,1,2x,217,5,7,10,2,6
41,B,23.1,1,2x,217,5,7,10,2,6
41,C,4.4,1,2x,217,5,7,10,2,6
42,A,37.1666666666667,14,1x,217,7,7,6,0,7
42,D,48.5,14,1x,217,7,7,6,0,7
42,B,36.3333333333333,14,1x,217,7,7,6,0,7
42,C,19.6666666666667,14,1x,217,7,7,6,0,7
44,A,26.1666666666667,5,0.5x,217,5,5,6,0,5
44,B,26.1666666666667,5,0.5x,217,5,5,6,0,5
44,D,32.6666666666667,5,0.5x,217,5,5,6,0,5
44,C,24.3333333333333,5,0.5x,217,5,5,6,0,5
45,A,20.6666666666667,32,0.5x,42,6,6,6,0,6
45,B,18.6666666666667,32,0.5x,42,6,6,6,0,6
45,D,42,32,0.5x,42,6,6,6,0,6
45,C,25.6666666666667,32,0.5x,42,6,6,6,0,6
46,D,0,19,0.5x,42,5,5,6,0,5
46,B,0,19,0.5x,42,5,5,6,0,5
46,A,0,19,0.5x,42,5,5,6,0,5
46,C,0,19,0.5x,42,5,5,6,0,5
47,B,4.42857142857143,15,2x,42,7,7,7,0,7
47,A,22.1428571428571,15,2x,42,7,7,7,0,7
47,C,11,15,2x,42,7,7,7,0,7
47,D,15.7142857142857,15,2x,42,7,7,7,0,7
48,B,55.4,5,0.5x,217,6,7,5,1,6.5
48,A,42.4,5,0.5x,217,6,7,5,1,6.5
48,D,48,5,0.5x,217,6,7,5,1,6.5
48,C,24.2,5,0.5x,217,6,7,5,1,6.5
49,A,0,10,1x,42,6,7,6,1,6.5
49,D,0,10,1x,42,6,7,6,1,6.5
49,B,0,10,1x,42,6,7,6,1,6.5
49,C,0,10,1x,42,6,7,6,1,6.5
5,A,20.4,4,1x,217,2,2,10,0,2
5,B,36.4,4,1x,217,2,2,10,0,2
5,D,13.2,4,1x,217,2,2,10,0,2
5,C,39.1,4,1x,217,2,2,10,0,2
50,D,0,33,0.5x,42,2,3,6,1,2.5
50,B,0,33,0.5x,42,2,3,6,1,2.5
50,A,0,33,0.5x,42,2,3,6,1,2.5
50,C,0,33,0.5x,42,2,3,6,1,2.5
51,C,16.6,46,0.5x,42,2,2,10,0,2
51,B,28.2,46,0.5x,42,2,2,10,0,2
51,D,14.3,46,0.5x,42,2,2,10,0,2
51,A,18.2,46,0.5x,42,2,2,10,0,2
52,B,8,16,1x,42,2,4,6,2,3
52,D,1.83333333333333,16,1x,42,2,4,6,2,3
52,C,5.66666666666667,16,1x,42,2,4,6,2,3
52,A,10.6666666666667,16,1x,42,2,4,6,2,3
53,B,26.6363636363636,74,2x,42,2,2,11,0,2
53,D,11.5454545454545,74,2x,42,2,2,11,0,2
53,C,12.1818181818182,74,2x,42,2,2,11,0,2
53,A,17.2727272727273,74,2x,42,2,2,11,0,2
54,B,23.4285714285714,21,0.5x,42,2,3,7,1,2.5
54,D,10,21,0.5x,42,2,3,7,1,2.5
54,C,17.4285714285714,21,0.5x,42,2,3,7,1,2.5
54,A,22.2857142857143,21,0.5x,42,2,3,7,1,2.5
55,D,18.1666666666667,71,1x,217,2,4,6,2,3
55,A,31.3333333333333,71,1x,217,2,4,6,2,3
55,C,32.1666666666667,71,1x,217,2,4,6,2,3
55,B,19.1666666666667,71,1x,217,2,4,6,2,3
56,D,19.5,8,0.5x,217,2,4,6,2,3
56,B,41.5,8,0.5x,217,2,4,6,2,3
56,A,31.3333333333333,8,0.5x,217,2,4,6,2,3
56,C,8,8,0.5x,217,2,4,6,2,3
57,D,24.125,67,0.5x,217,2,3,8,1,2.5
57,B,19.125,67,0.5x,217,2,3,8,1,2.5
57,A,22.5,67,0.5x,217,2,3,8,1,2.5
57,C,12.5,67,0.5x,217,2,3,8,1,2.5
58,D,36.5714285714286,69,1x,217,2,3,7,1,2.5
58,C,25.1428571428571,69,1x,217,2,3,7,1,2.5
58,B,32.2857142857143,69,1x,217,2,3,7,1,2.5
58,A,24.1428571428571,69,1x,217,2,3,7,1,2.5
59,C,40,70,0.5x,217,3,3,7,0,3
59,D,27.7142857142857,70,0.5x,217,3,3,7,0,3
59,A,12.8571428571429,70,0.5x,217,3,3,7,0,3
59,B,35.1428571428571,70,0.5x,217,3,3,7,0,3
6,C,24.2,13,2x,217,2,2,10,0,2
6,D,13.4,13,2x,217,2,2,10,0,2
6,B,31.9,13,2x,217,2,2,10,0,2
6,A,26,13,2x,217,2,2,10,0,2
60,C,15,59,0.5x,217,2,3,7,1,2.5
60,D,22.2857142857143,59,0.5x,217,2,3,7,1,2.5
60,A,15.8571428571429,59,0.5x,217,2,3,7,1,2.5
60,B,35.4285714285714,59,0.5x,217,2,3,7,1,2.5
61,C,17.1428571428571,62,1x,217,2,4,7,2,3
61,D,17.7142857142857,62,1x,217,2,4,7,2,3
61,A,30.1428571428571,62,1x,217,2,4,7,2,3
61,B,58.2857142857143,62,1x,217,2,4,7,2,3
62,C,21.5714285714286,47,0.5x,217,2,3,7,1,2.5
62,A,32.5714285714286,47,0.5x,217,2,3,7,1,2.5
62,D,27.8571428571429,47,0.5x,217,2,3,7,1,2.5
62,B,30.5714285714286,47,0.5x,217,2,3,7,1,2.5
64,C,0,27,0.5x,42,2,4,7,2,3
64,D,0,27,0.5x,42,2,4,7,2,3
64,A,0,27,0.5x,42,2,4,7,2,3
64,B,3.14285714285714,27,0.5x,42,2,4,7,2,3
65,D,4.83333333333333,38,0.5x,42,2,4,6,2,3
65,B,6.83333333333333,38,0.5x,42,2,4,6,2,3
65,C,19.8333333333333,38,0.5x,42,2,4,6,2,3
65,A,12.5,38,0.5x,42,2,4,6,2,3
66,D,8.1,43,1x,42,2,3,10,1,2.5
66,C,14.7,43,1x,42,2,3,10,1,2.5
66,B,7.4,43,1x,42,2,3,10,1,2.5
66,A,23.3,43,1x,42,2,3,10,1,2.5
67,D,0,48,0.5x,42,2,3,6,1,2.5
67,C,0,48,0.5x,42,2,3,6,1,2.5
67,B,0,48,0.5x,42,2,3,6,1,2.5
67,A,0,48,0.5x,42,2,3,6,1,2.5
68,D,0,73,2x,42,4,4,7,0,4
68,B,0,73,2x,42,4,4,7,0,4
68,A,0,73,2x,42,4,4,7,0,4
68,C,0,73,2x,42,4,4,7,0,4
69,A,0,75,1x,42,2,3,6,1,2.5
69,C,0,75,1x,42,2,3,6,1,2.5
69,B,0,75,1x,42,2,3,6,1,2.5
69,D,0,75,1x,42,2,3,6,1,2.5
7,B,25,36,2x,217,2,2,10,0,2
7,D,31.4,36,2x,217,2,2,10,0,2
7,C,24.3,36,2x,217,2,2,10,0,2
7,A,22.3,36,2x,217,2,2,10,0,2
70,C,28,50,2x,42,3,3,6,0,3
70,A,26.3333333333333,50,2x,42,3,3,6,0,3
70,D,29,50,2x,42,3,3,6,0,3
70,B,23.3333333333333,50,2x,42,3,3,6,0,3
71,D,15.1666666666667,39,1x,42,2,4,6,2,3
71,C,32,39,1x,42,2,4,6,2,3
71,A,25.8333333333333,39,1x,42,2,4,6,2,3
71,B,30.3333333333333,39,1x,42,2,4,6,2,3
72,C,18.8333333333333,6,0.5x,42,2,4,6,2,3
72,A,17.8333333333333,6,0.5x,42,2,4,6,2,3
72,B,34.5,6,0.5x,42,2,4,6,2,3
72,D,7.33333333333333,6,0.5x,42,2,4,6,2,3
73,A,15.3333333333333,60,0.5x,42,2,4,6,2,3
73,C,14.8333333333333,60,0.5x,42,2,4,6,2,3
73,B,23.6666666666667,60,0.5x,42,2,4,6,2,3
73,D,2.83333333333333,60,0.5x,42,2,4,6,2,3
74,B,7.33333333333333,61,0.5x,42,2,3,6,1,2.5
74,A,9.66666666666667,61,0.5x,42,2,3,6,1,2.5
74,C,9.83333333333333,61,0.5x,42,2,3,6,1,2.5
75,D,0.166666666666667,76,0.5x,42,2,3,6,1,2.5
75,C,11.8333333333333,76,0.5x,42,2,3,6,1,2.5
75,A,15.5,76,0.5x,42,2,3,6,1,2.5
75,B,17.8333333333333,76,0.5x,42,2,3,6,1,2.5
76,D,8.3,5,0.5x,217,2,2,10,0,2
76,C,14.2,5,0.5x,217,2,2,10,0,2
76,A,4.3,5,0.5x,217,2,2,10,0,2
76,B,23.7,5,0.5x,217,2,2,10,0,2
77,D,8.9,18,1x,217,3,3,10,0,3
77,A,23.7,18,1x,217,3,3,10,0,3
77,B,13.7,18,1x,217,3,3,10,0,3
77,C,9.3,18,1x,217,3,3,10,0,3
78,A,19.625,42,0.5x,217,2,4,8,2,3
78,B,16.875,42,0.5x,217,2,4,8,2,3
78,D,14.125,42,0.5x,217,2,4,8,2,3
78,C,19.375,42,0.5x,217,2,4,8,2,3
79,B,42.125,26,0.5x,217,2,3,8,1,2.5
79,C,12.75,26,0.5x,217,2,3,8,1,2.5
79,A,21.25,26,0.5x,217,2,3,8,1,2.5
79,D,12.5,26,0.5x,217,2,3,8,1,2.5
8,D,26.2,26,0.5x,217,2,2,10,0,2
8,A,25.6,26,0.5x,217,2,2,10,0,2
8,B,24,26,0.5x,217,2,2,10,0,2
8,C,10,26,0.5x,217,2,2,10,0,2
80,D,5,24,2x,217,2,3,7,1,2.5
80,A,29.7142857142857,24,2x,217,2,3,7,1,2.5
80,B,44.1428571428571,24,2x,217,2,3,7,1,2.5
80,C,22.1428571428571,24,2x,217,2,3,7,1,2.5
81,D,7.44444444444444,13,2x,217,3,3,9,0,3
81,A,8.88888888888889,13,2x,217,3,3,9,0,3
81,B,25,13,2x,217,3,3,9,0,3
81,C,25.3333333333333,13,2x,217,3,3,9,0,3
82,A,23.5714285714286,14,1x,217,2,3,7,1,2.5
82,B,31.4285714285714,14,1x,217,2,3,7,1,2.5
82,C,20.2857142857143,14,1x,217,2,3,7,1,2.5
82,D,18.8571428571429,14,1x,217,2,3,7,1,2.5
83,B,13.3333333333333,41,1x,217,2,2,6,0,2
83,D,17.5,41,1x,217,2,2,6,0,2
83,C,38.3333333333333,41,1x,217,2,2,6,0,2
83,A,37.6666666666667,41,1x,217,2,2,6,0,2
84,B,35.3333333333333,44,1x,217,2,3,6,1,2.5
84,C,28.6666666666667,44,1x,217,2,3,6,1,2.5
84,A,40,44,1x,217,2,3,6,1,2.5
84,D,19.3333333333333,44,1x,217,2,3,6,1,2.5
85,A,27.5,30,1x,217,2,2,6,0,2
85,D,6.83333333333333,30,1x,217,2,2,6,0,2
85,B,5,30,1x,217,2,2,6,0,2
85,C,16.3333333333333,30,1x,217,2,2,6,0,2
86,B,20.3333333333333,37,0.5x,217,2,3,6,1,2.5
86,A,30,37,0.5x,217,2,3,6,1,2.5
86,C,20.5,37,0.5x,217,2,3,6,1,2.5
86,D,4.66666666666667,37,0.5x,217,2,3,6,1,2.5
87,A,32.5,12,0.5x,217,2,2,6,0,2
87,C,30.6666666666667,12,0.5x,217,2,2,6,0,2
87,B,20.8333333333333,12,0.5x,217,2,2,6,0,2
87,D,14.5,12,0.5x,217,2,2,6,0,2
88,D,16.1666666666667,1,2x,217,2,3,6,1,2.5
88,B,20,1,2x,217,2,3,6,1,2.5
88,A,22.5,1,2x,217,2,3,6,1,2.5
89,D,11.1666666666667,56,0.5x,217,2,2,6,0,2
89,A,19.8333333333333,56,0.5x,217,2,2,6,0,2
89,C,24,56,0.5x,217,2,2,6,0,2
89,B,45.1666666666667,56,0.5x,217,2,2,6,0,2
9,C,11,62,1x,217,2,2,10,0,2
9,B,19.6,62,1x,217,2,2,10,0,2
9,D,20.2,62,1x,217,2,2,10,0,2
9,A,23.3,62,1x,217,2,2,10,0,2
90,B,35.3333333333333,66,2x,217,2,2,6,0,2
90,D,12.3333333333333,66,2x,217,2,2,6,0,2
90,C,30,66,2x,217,2,2,6,0,2
90,A,13.8333333333333,66,2x,217,2,2,6,0,2
91,B,14.7777777777778,43,1x,42,5,7,9,2,6
91,D,16,43,1x,42,5,7,9,2,6
91,C,5.44444444444444,43,1x,42,5,7,9,2,6
91,A,10.8888888888889,43,1x,42,5,7,9,2,6
92,D,0,77,1x,42,4,5,10,1,4.5
92,C,0,77,1x,42,4,5,10,1,4.5
92,A,0.1,77,1x,42,4,5,10,1,4.5
92,B,0,77,1x,42,4,5,10,1,4.5
93,D,0,31,1x,42,7,8,8,1,7.5
93,A,0,31,1x,42,7,8,8,1,7.5
93,C,0,31,1x,42,7,8,8,1,7.5
93,B,0,31,1x,42,7,8,8,1,7.5
94,B,0,28,1x,42,6,7,5,1,6.5
94,A,0,28,1x,42,6,7,5,1,6.5
94,D,0,28,1x,42,6,7,5,1,6.5
94,C,0,28,1x,42,6,7,5,1,6.5
95,D,13.5,2,2x,42,7,8,10,1,7.5
95,B,27.4,2,2x,42,7,8,10,1,7.5
95,C,13.5,2,2x,42,7,8,10,1,7.5
95,A,16.9,2,2x,42,7,8,10,1,7.5
96,D,0,28,1x,42,3,5,7,2,4
96,C,0,28,1x,42,3,5,7,2,4
96,A,0,28,1x,42,3,5,7,2,4
96,B,0,28,1x,42,3,5,7,2,4
97,C,28.6666666666667,41,1x,217,4,6,6,2,5
97,D,20.1666666666667,41,1x,217,4,6,6,2,5
97,A,44,41,1x,217,4,6,6,2,5
97,B,26.6666666666667,41,1x,217,4,6,6,2,5
99,C,15.5,44,1x,217,6,7,10,1,6.5
99,B,21.8,44,1x,217,6,7,10,1,6.5
99,A,26.9,44,1x,217,6,7,10,1,6.5
99,D,14.6,44,1x,217,6,7,10,1,6.5
