contrast,estimate,SE,df,t.ratio,p.value
Treatment0.5 Age0 Stock217 - Treatment1 Age0 Stock217,0.06691323103026846,0.06294230728741082,77.83502566879294,1.063088309183287,0.9999999734002909
Treatment0.5 Age0 Stock217 - Treatment2 Age0 Stock217,0.024124330849570077,0.06316493447508925,109.82936263365369,0.3819260013494376,1
Treatment0.5 Age0 Stock217 - Treatment0.5 Age2 Stock217,-0.05486111111117987,0.04888496305276836,646.9029846973078,-1.1222492088612324,0.9999999786076301
Treatment0.5 Age0 Stock217 - Treatment1 Age2 Stock217,-0.021242891840558158,0.06780790428041969,110.01112247596704,-0.3132804658393238,1
Treatment0.5 Age0 Stock217 - Treatment2 Age2 Stock217,-0.04995304427784887,0.06342454901153086,111.42362515392726,-0.7875979420644709,1
Treatment0.5 Age0 Stock217 - Treatment0.5 Age4 Stock217,-0.07303571428577971,0.042936155108354745,646.9029846972161,-1.7010306139770774,0.9995150810535555
Treatment0.5 Age0 Stock217 - Treatment1 Age4 Stock217,-0.08848985626219015,0.06865254519752227,113.56330770186274,-1.2889523033354897,0.9999978522759554
Treatment0.5 Age0 Stock217 - Treatment2 Age4 Stock217,0.020262051205990422,0.06514542220787617,122.92916455009902,0.3110280127026441,1
Treatment0.5 Age0 Stock217 - Treatment0.5 Age6 Stock217,-0.08062500000006362,0.04148026664719963,646.9029846972161,-1.9436953162765334,0.9944508782817673
Treatment0.5 Age0 Stock217 - Treatment1 Age6 Stock217,-0.09684319665988836,0.06726066589835228,107.16975447579078,-1.4398191776192448,0.999970783055717
Treatment0.5 Age0 Stock217 - Treatment2 Age6 Stock217,-0.00863524744045436,0.06611698056156808,129.67020635829476,-0.13060559280097833,1
Treatment0.5 Age0 Stock217 - Treatment0.5 Age8 Stock217,-0.04375000000006437,0.05080274384011334,646.9029846971548,-0.8611739581971123,0.9999999999905417
Treatment0.5 Age0 Stock217 - Treatment1 Age8 Stock217,-0.08208956939367329,0.06695808351482302,109.11584807847522,-1.225984453027251,0.9999993446796475
Treatment0.5 Age0 Stock217 - Treatment2 Age8 Stock217,0.04871516202336905,0.06461652652798464,119.48248747201126,0.7539118030782899,1
Treatment0.5 Age0 Stock217 - Treatment0.5 Age10 Stock217,-0.15519339377531907,0.03945432562467432,673.6521478202892,-3.933495030472977,0.03811726321545772
Treatment0.5 Age0 Stock217 - Treatment1 Age10 Stock217,0.05387208845148937,0.06062704205488101,74.62496577253056,0.8885818378327464,0.9999999997993723
Treatment0.5 Age0 Stock217 - Treatment2 Age10 Stock217,-0.07423974229247322,0.059444116439484704,104.29457452105787,-1.2488997522244403,0.9999989094987023
Treatment0.5 Age0 Stock217 - Treatment0.5 Age0 Stock42,0.10598270576425768,0.07138315899432995,118.19430580868456,1.4847018156295941,0.99994742998495445
Treatment0.5 Age0 Stock217 - Treatment1 Age0 Stock42,0.022091950751730094,0.07235742786916433,109.11169293294074,0.3053169716269689,1
Treatment0.5 Age0 Stock217 - Treatment2 Age0 Stock42,0.05298119431255832,0.06642980300997336,111.40917432607914,0.7975515794409935,0.9999999999962277
Treatment0.5 Age0 Stock217 - Treatment0.5 Age2 Stock42,0.03637368247852757,0.07419732377291612,135.30486047411395,0.4902290356165767,1
Treatment0.5 Age0 Stock217 - Treatment1 Age2 Stock42,-0.02007971224986726,0.0816340460526184,166.6153650180792,-0.24597227775436478,1
Treatment0.5 Age0 Stock217 - Treatment2 Age2 Stock42,-0.03316720407313527,0.06698326848875202,114.99616874034113,-0.4951565491120335,1
Treatment0.5 Age0 Stock217 - Treatment0.5 Age4 Stock42,0.061316864296709156,0.06844005716338258,99.77781124511868,0.8959207054770764,0.9999999998511584
Treatment0.5 Age0 Stock217 - Treatment1 Age4 Stock42,0.03576444359428861,0.07713013500495755,135.73979120391644,0.46368962782173073,1
Treatment0.5 Age0 Stock217 - Treatment2 Age4 Stock42,-0.016715591169909116,0.0704300307467817,138.6592558990295,-0.23733613336059683,1
Treatment0.5 Age0 Stock217 - Treatment0.5 Age6 Stock42,0.0361918642967088,0.06864924107285618,100.96192527381771,0.5271997728030094,1
Treatment0.5 Age0 Stock217 - Treatment1 Age6 Stock42,0.0473806052104499,0.07891220765620202,147.59534970941164,0.6004217423098044,1
Treatment0.5 Age0 Stock217 - Treatment2 Age6 Stock42,0.062107938241855516,0.06965938005514594,133.16509147166695,0.8915947599976871,0.9999999999156488
Treatment0.5 Age0 Stock217 - Treatment0.5 Age8 Stock42,-0.018731212626369002,0.07288845428998666,126.70545049317684,-0.25698463232389157,1
Treatment0.5 Age0 Stock217 - Treatment1 Age8 Stock42,-0.03317495034510537,0.08361730199683629,181.10750838612353,-0.3967474380644399,1
Treatment0.5 Age0 Stock217 - Treatment2 Age8 Stock42,0.1478997934454755,0.0714252594973531,145.92044540937587,2.0706931201412915,0.9817737151766637
Treatment0.5 Age0 Stock217 - Treatment0.5 Age10 Stock42,-0.00616807461434056,0.06431948615968718,80.80083748875207,-0.09589744854346267,1
Treatment0.5 Age0 Stock217 - Treatment1 Age10 Stock42,0.014175326953415876,0.06599259553455102,113.41027649034116,0.21480177948137008,1
Treatment0.5 Age0 Stock217 - Treatment2 Age10 Stock42,0.12103426233420336,0.061913650190463715,109.01352186289506,1.954888170247887,0.9913661060852104
Treatment1 Age0 Stock217 - Treatment2 Age0 Stock217,-0.04278890018069838,0.0502880822084084,112.6674323743684,-0.8508755613978032,0.999999999973189
Treatment1 Age0 Stock217 - Treatment0.5 Age2 Stock217,-0.12177434214144833,0.0680504308451504,105.46635359898714,-1.7894720228670904,0.997888376772408
Treatment1 Age0 Stock217 - Treatment1 Age2 Stock217,-0.08815612287082661,0.03886450442351107,668.6796413179211,-2.2682940173423796,0.9484744505059195
Treatment1 Age0 Stock217 - Treatment2 Age2 Stock217,-0.11686627530811733,0.05062265329992298,115.08964494595863,-2.3085766487924317,0.9269957059001265
Treatment1 Age0 Stock217 - Treatment0.5 Age4 Stock217,-0.13994894531604818,0.06391114880072765,82.681827460804,-2.189742289759229,0.9570336262990304
Treatment1 Age0 Stock217 - Treatment1 Age4 Stock217,-0.1554030872924586,0.039985849703510795,667.5401735484045,-3.8864520435291405,0.044924073080427895
Treatment1 Age0 Stock217 - Treatment2 Age4 Stock217,-0.046651179824278036,0.05278108513366685,133.47721174384932,-0.8838617036033842,0.9999999999349569
Treatment1 Age0 Stock217 - Treatment0.5 Age6 Stock217,-0.1475382310303321,0.06294230728741076,77.83502566878728,-2.3440232395141565,0.9089759437543469
Treatment1 Age0 Stock217 - Treatment1 Age6 Stock217,-0.1637564276901568,0.038021543946110736,669.665514002883,-4.306937875070369,0.009273292149238666
Treatment1 Age0 Stock217 - Treatment2 Age6 Stock217,-0.07554847847072282,0.053985865147636244,144.27427782859877,-1.3994122028816036,0.9999878725204927
Treatment1 Age0 Stock217 - Treatment0.5 Age8 Stock217,-0.11066323103033282,0.06944091234441141,113.86625204619074,-1.593631582509572,0.9997654942963334
Treatment1 Age0 Stock217 - Treatment1 Age8 Stock217,-0.14900280042394176,0.03914670938618261,673.4019814539446,-3.8062662931391733,0.05888008452337634
Treatment1 Age0 Stock217 - Treatment2 Age8 Stock217,-0.018198069006899395,0.052113067985111415,128.15038370703314,-0.3492035627627708,1
Treatment1 Age0 Stock217 - Treatment0.5 Age10 Stock217,-0.22210662480558752,0.05358979762765931,47.758604520050795,-4.144569202309351,0.042919482824976374
Treatment1 Age0 Stock217 - Treatment1 Age10 Stock217,-0.013041142578779086,0.02992380927338088,624.4243699796405,-0.4358115793225566,1
Treatment1 Age0 Stock217 - Treatment2 Age10 Stock217,-0.14115297332274168,0.04481161055905084,113.74320839131514,-3.149919665055026,0.36912753689200617
Treatment1 Age0 Stock217 - Treatment0.5 Age0 Stock42,0.03906947473398922,0.06128244460500255,101.91291321886352,0.637531269938927,1
Treatment1 Age0 Stock217 - Treatment1 Age0 Stock42,-0.044821280278538364,0.06557104124761216,63.241119031540826,-0.6835529743882263,1
Treatment1 Age0 Stock217 - Treatment2 Age0 Stock42,-0.013932036717710122,0.05556563798055613,88.48589605384556,-0.2507311573131817,1
Treatment1 Age0 Stock217 - Treatment0.5 Age2 Stock42,-0.030539548551740896,0.06453464731802137,122.80416374640538,-0.47322717053437263,1
Treatment1 Age0 Stock217 - Treatment1 Age2 Stock42,-0.08699294328013571,0.07579088926933804,108.31751316229911,-1.1478021186819558,0.9999998765779633
Treatment1 Age0 Stock217 - Treatment2 Age2 Stock42,-0.10008043510340374,0.056229753825651506,92.61789587696228,-1.77984835953075,0.9979329111167303
Treatment1 Age0 Stock217 - Treatment0.5 Age4 Stock42,-0.0055963667335593124,0.057823172465072625,80.3216084593278,-0.0967841523558696,1
Treatment1 Age0 Stock217 - Treatment1 Age4 Stock42,-0.031148787435979847,0.07091684670936108,83.5600050258725,-0.43922973004760213,1
Treatment1 Age0 Stock217 - Treatment2 Age4 Stock42,-0.08362882220017759,0.060294412584001054,121.14023549943812,-1.387007827361573,0.9999886427251804
Treatment1 Age0 Stock217 - Treatment0.5 Age6 Stock42,-0.03072136673355967,0.058070613474265814,81.69788428694086,-0.5290346510145608,1
Treatment1 Age0 Stock217 - Treatment1 Age6 Stock42,-0.019532625819818572,0.07285106683152683,92.92374045696909,-0.26811722421291556,1
Treatment1 Age0 Stock217 - Treatment2 Age6 Stock42,-0.004805292788412935,0.05939239166361629,114.43162802639516,-0.08090754815244545,1
Treatment1 Age0 Stock217 - Treatment0.5 Age8 Stock42,-0.08564444365663745,0.0630254283458822,112.33212723935762,-1.358887133406259,0.9999924196618708
Treatment1 Age0 Stock217 - Treatment1 Age8 Stock42,-0.10008818137537379,0.07792300439886903,120.34127532030868,-1.2844497224856293,0.9999981371707423
Treatment1 Age0 Stock217 - Treatment2 Age8 Stock42,0.08098656241520706,0.06145400436197271,130.07120291313367,1.3178402816224122,0.99999678039172
Treatment1 Age0 Stock217 - Treatment0.5 Age10 Stock42,-0.073081305644609,0.0529282046736726,58.15187843798404,-1.380762980629889,0.9999765149827927
Treatment1 Age0 Stock217 - Treatment1 Age10 Stock42,-0.05273790407685258,0.056034589783843465,75.44237800967477,-0.9411669520610746,0.9999999989937532
Treatment1 Age0 Stock217 - Treatment2 Age10 Stock42,0.05412103130393489,0.04976667590061305,87.65795386515606,1.0874954037922433,0.9999999599175784
Treatment2 Age0 Stock217 - Treatment0.5 Age2 Stock217,-0.07898544196074994,0.06825639925157252,146.52681650800315,-1.157187352787735,0.9999998900665898
Treatment2 Age0 Stock217 - Treatment1 Age2 Stock217,-0.04536722269012824,0.05596367890191622,189.95575867721044,-0.8106547600210544,0.9999999999970096
Treatment2 Age0 Stock217 - Treatment2 Age2 Stock217,-0.07407737512741894,0.03031656626640667,646.9520888314282,-2.4434619170411445,0.8813834260215913
Treatment2 Age0 Stock217 - Treatment0.5 Age4 Stock217,-0.09716004513534979,0.06413041276655113,116.3504890748072,-1.5150385120556424,0.9999181635654899
Treatment2 Age0 Stock217 - Treatment1 Age4 Stock217,-0.11261418711176023,0.05712653306876551,194.96439532533313,-1.9713114215456065,0.9917260441266385
Treatment2 Age0 Stock217 - Treatment2 Age4 Stock217,-0.003862279643579658,0.03371052534449422,647.2982410713313,-0.11457192090927962,1
Treatment2 Age0 Stock217 - Treatment0.5 Age6 Stock217,-0.1047493308496337,0.06316493447508918,109.82936263364292,-1.6583462283325008,0.9994787978083624
Treatment2 Age0 Stock217 - Treatment1 Age6 Stock217,-0.12096752750945844,0.055249512950266796,184.42603886308805,-2.189476812553047,0.9633719780903032
Treatment2 Age0 Stock217 - Treatment2 Age6 Stock217,-0.03275957829002444,0.03552019237468151,647.5879314642862,-0.922280429803505,0.9999999999244713
Treatment2 Age0 Stock217 - Treatment0.5 Age8 Stock217,-0.06787433084963444,0.06964276852483466,157.4536099427049,-0.9746070164547007,0.9999999990852877
Treatment2 Age0 Stock217 - Treatment1 Age8 Stock217,-0.10621390024324337,0.054173396455990286,200.7645095749774,-1.960628411577075,0.9924479135325011
Treatment2 Age0 Stock217 - Treatment2 Age8 Stock217,0.024590831173798976,0.032721615915967735,647.004679192628,0.7515164054535266,1
Treatment2 Age0 Stock217 - Treatment0.5 Age10 Stock217,-0.17931772462488915,0.054194616982787776,69.91656685086737,-3.3087737234463805,0.2813414909006493
Treatment2 Age0 Stock217 - Treatment1 Age10 Stock217,0.029747757601919292,0.04798458719560002,101.66963223637897,0.6199440141197471,1
Treatment2 Age0 Stock217 - Treatment2 Age10 Stock217,-0.0983640731420433,0.031680480923753376,659.8148767067439,-3.1048794170385188,0.38656967069087034
Treatment2 Age0 Stock217 - Treatment0.5 Age0 Stock42,0.0818583749146876,0.0603158445564571,182.96122015393527,1.3571620445116401,0.9999949725685684
Treatment2 Age0 Stock217 - Treatment1 Age0 Stock42,-0.0020323800978399864,0.06608655209441315,88.37648821466547,-0.030753308100208793,1
Treatment2 Age0 Stock217 - Treatment2 Age0 Stock42,0.028856863462988255,0.051753314625051686,234.7727263905733,0.5575848362960663,1
Treatment2 Age0 Stock217 - Treatment0.5 Age2 Stock42,0.012249351628957494,0.06348123310409455,219.10098160468758,0.19296020303939887,1
Treatment2 Age0 Stock217 - Treatment1 Age2 Stock42,-0.04420404309943734,0.0762067237605468,147.28949010964376,-0.5800543694587005,1
Treatment2 Age0 Stock217 - Treatment2 Age2 Stock42,-0.05729153492270535,0.05240953556342977,244.20518714861774,-1.0931509754244442,0.9999999842111905
Treatment2 Age0 Stock217 - Treatment0.5 Age4 Stock42,0.037192533447139076,0.05664508386330203,148.1097890893625,0.6565889025231818,1
Treatment2 Age0 Stock217 - Treatment1 Age4 Stock42,0.011640112744718545,0.07136108881791425,115.22726253230702,0.16311568303588508,1
Treatment2 Age0 Stock217 - Treatment2 Age4 Stock42,-0.04083992201947921,0.056748483605562394,307.3469591228785,-0.719665432883499,1
Treatment2 Age0 Stock217 - Treatment0.5 Age6 Stock42,0.01206753344713872,0.056897648468390745,150.52326923303505,0.2120919540961836,1
Treatment2 Age0 Stock217 - Treatment1 Age6 Stock42,0.02325627436087979,0.07328358471425109,127.45448292069776,0.3173462986501159,1
Treatment2 Age0 Stock217 - Treatment2 Age6 Stock42,0.037983607392285436,0.05578916014966918,293.3438028306958,0.6808420720151435,1
Treatment2 Age0 Stock217 - Treatment0.5 Age8 Stock42,-0.042855543475939076,0.06194635477683025,202.27404055075638,-0.6918170347606685,1
Treatment2 Age0 Stock217 - Treatment1 Age8 Stock42,-0.05729928119467542,0.07832752048051432,162.5542817324236,-0.731534470172969,1
Treatment2 Age0 Stock217 - Treatment2 Age8 Stock42,0.12377546259590542,0.05797903806378992,325.2212861684025,2.1348312550429815,0.9754968031857834
Treatment2 Age0 Stock217 - Treatment0.5 Age10 Stock42,-0.03029240546391064,0.053278166153300215,94.9708367679119,-0.568570723263046,1
Treatment2 Age0 Stock217 - Treatment1 Age10 Stock42,-0.009949003896154204,0.05534353740960363,138.62539928731385,-0.17976812400914183,1
Treatment2 Age0 Stock217 - Treatment2 Age10 Stock42,0.09690993148463328,0.04289892679956818,315.348648322842,2.2590292744947824,0.9489866825617469
Treatment0.5 Age2 Stock217 - Treatment1 Age2 Stock217,0.03361821927062171,0.0725743685776894,141.44982619869188,0.46322441282605287,1
Treatment0.5 Age2 Stock217 - Treatment2 Age2 Stock217,0.0049080668333310006,0.06849671896422356,148.22124938670396,0.07165404281472997,1
Treatment0.5 Age2 Stock217 - Treatment0.5 Age4 Stock217,-0.01817460317459984,0.050126245690620436,646.9029846972161,-0.3625765888547414,1
Treatment0.5 Age2 Stock217 - Treatment1 Age4 Stock217,-0.033628745151010275,0.07336415373767755,144.9839842134389,-0.45838114989036666,1
Treatment0.5 Age2 Stock217 - Treatment2 Age4 Stock217,0.07512316231717028,0.07009317460488,160.46658572481527,1.0717614481102427,0.999999987143664
Treatment0.5 Age2 Stock217 - Treatment0.5 Age6 Stock217,-0.02576388888888375,0.048884963052768377,646.9029846972161,-0.5270309575783699,1
Treatment0.5 Age2 Stock217 - Treatment1 Age6 Stock217,-0.041982085548708484,0.07206333512013939,138.48378440265762,-0.5825720594074453,1
Treatment0.5 Age2 Stock217 - Treatment2 Age6 Stock217,0.0462258636707255,0.07099705775682905,167.56389605689574,0.6510954838305133,1
Treatment0.5 Age2 Stock217 - Treatment0.5 Age8 Stock217,0.011111111111115499,0.057009173588396446,646.9029846971855,0.19490040657907443,1
Treatment0.5 Age2 Stock217 - Treatment1 Age8 Stock217,-0.02722845828249343,0.07178100054698153,141.22814712445015,-0.37932681454714573,1
Treatment0.5 Age2 Stock217 - Treatment2 Age8 Stock217,0.10357627313454892,0.0696018864118602,156.84166266488532,1.4881245103279193,0.9999544893958758
Treatment0.5 Age2 Stock217 - Treatment0.5 Age10 Stock217,-0.10033228266413921,0.04717807649794103,674.3143548473697,-2.126671753319955,0.9779930237539318
Treatment0.5 Age2 Stock217 - Treatment1 Age10 Stock217,0.10873319956266925,0.06591483383785518,103.29189167690235,1.649601360296888,0.9995096241630617
Treatment0.5 Age2 Stock217 - Treatment2 Age10 Stock217,-0.019378631181293363,0.0648284665160203,144.12434652452995,-0.2989216346264268,1
Treatment0.5 Age2 Stock217 - Treatment0.5 Age0 Stock42,0.16084381687543756,0.07592550611986416,148.24964244891308,2.1184424720397943,0.9752240080700948
Treatment0.5 Age2 Stock217 - Treatment1 Age0 Stock42,0.07695306186290995,0.07684220493575823,136.89114641711865,1.0014426567697323,0.9999999976885018
Treatment0.5 Age2 Stock217 - Treatment2 Age0 Stock42,0.10784230542373821,0.07128846904999162,144.8806506840095,1.512759452697924,0.9999317953596543
Treatment0.5 Age2 Stock217 - Treatment0.5 Age2 Stock42,0.09123479358970743,0.07857715919152769,166.1273475325062,1.1610854162763433,0.9999998928315716
Treatment0.5 Age2 Stock217 - Treatment1 Age2 Stock42,0.03478139886131261,0.08563436556937157,196.33126094390224,0.406161692564144,1
Treatment0.5 Age2 Stock217 - Treatment2 Age2 Stock42,0.02169390703804459,0.07180449393306791,148.73534191251736,0.30212464220228924,1
Treatment0.5 Age2 Stock217 - Treatment0.5 Age4 Stock42,0.11617797540788903,0.07316535051562875,128.49988346188564,1.5878824414716965,0.9997983039781315
Treatment0.5 Age2 Stock217 - Treatment1 Age4 Stock42,0.09062555470546847,0.08135222687444225,164.59766613866458,1.1139898462194344,0.9999999641227291
Treatment0.5 Age2 Stock217 - Treatment2 Age4 Stock42,0.03814551994127076,0.07503010277575503,173.6821026445154,0.5084028747138671,1
Treatment0.5 Age2 Stock217 - Treatment0.5 Age6 Stock42,0.09105297540788868,0.07336106182047031,129.77628183813235,1.2411621798865744,0.999999256158425
Treatment0.5 Age2 Stock217 - Treatment1 Age6 Stock42,0.10224171632162975,0.08304374515111478,176.86525345308314,1.231179014573348,0.9999995347855304
Treatment0.5 Age2 Stock217 - Treatment2 Age6 Stock42,0.11696904935303537,0.07430717543558643,167.94174056223687,1.5741285907769513,0.9998549187655534
Treatment0.5 Age2 Stock217 - Treatment0.5 Age8 Stock42,0.036129898484810866,0.07734244539921929,157.1358036685689,0.46714192056274917,1
Treatment0.5 Age2 Stock217 - Treatment1 Age8 Stock42,0.021686160766074547,0.08752702602498197,211.00401433355256,0.24776531033837346,1
Treatment0.5 Age2 Stock217 - Treatment2 Age8 Stock42,0.20276090455665535,0.07596508925692104,181.22475014467386,2.669132710038673,0.7363538129932046
Treatment0.5 Age2 Stock217 - Treatment0.5 Age10 Stock42,0.0486930364968393,0.06932620998867553,107.83160816801393,0.702375573463389,1
Treatment0.5 Age2 Stock217 - Treatment1 Age10 Stock42,0.06903643806459574,0.07088123698789822,147.5648582049515,0.9739733813672375,0.9999999990358193
Treatment0.5 Age2 Stock217 - Treatment2 Age10 Stock42,0.17589537344538322,0.06710012795408703,146.87606446815184,2.621386557798204,0.7685130825856512
Treatment1 Age2 Stock217 - Treatment2 Age2 Stock217,-0.028710152437290706,0.05626636989919263,192.6829081799144,-0.510254215595001,1
Treatment1 Age2 Stock217 - Treatment0.5 Age4 Stock217,-0.05179282244522154,0.06870817110990848,115.61928866499534,-0.7538087771594381,1
Treatment1 Age2 Stock217 - Treatment1 Age4 Stock217,-0.067246964421632,0.045312398500319095,647.727338831708,-1.4840742632760533,0.9999740706823357
Treatment1 Age2 Stock217 - Treatment2 Age4 Stock217,0.04150494304654858,0.05821980739284664,213.7906741921131,0.712900727521957,1
Treatment1 Age2 Stock217 - Treatment0.5 Age6 Stock217,-0.05938210815950545,0.06780790428041963,110.01112247595873,-0.8757402074237645,0.9999999999346272
Treatment1 Age2 Stock217 - Treatment1 Age6 Stock217,-0.0756003048193302,0.04361366267597074,647.0058916929518,-1.7334087572741905,0.9992969369120603
Treatment1 Age2 Stock217 - Treatment2 Age6 Stock217,0.012607644400103805,0.059316384692058584,225.81999464786384,0.21254910368452962,1
Treatment1 Age2 Stock217 - Treatment0.5 Age8 Stock217,-0.02250710815950621,0.07387975462509293,150.778814215574,-0.3046451395747026,1
Treatment1 Age2 Stock217 - Treatment1 Age8 Stock217,-0.06084667755311514,0.04468407875858385,664.9919282393503,-1.361708224574876,0.9999966599769844
Treatment1 Age2 Stock217 - Treatment2 Age8 Stock217,0.06995805386392721,0.05761196943577742,207.93520662092243,1.2142972120040527,0.9999997092223758
Treatment1 Age2 Stock217 - Treatment0.5 Age10 Stock217,-0.1339505019347609,0.05924379504414134,76.16892874875975,-2.261004748851034,0.9371235732129733
Treatment1 Age2 Stock217 - Treatment1 Age10 Stock217,0.07511498029204752,0.039047477555056755,674.6137361197551,1.9236832951920073,0.9953479494034555
Treatment1 Age2 Stock217 - Treatment2 Age10 Stock217,-0.05299685045191506,0.05095412267485119,211.05070835379263,-1.040089548594506,0.9999999955958767
Treatment1 Age2 Stock217 - Treatment0.5 Age0 Stock42,0.12722559760481583,0.06627978757065667,145.95037621136723,1.9195233157497482,0.9941083270553546
Treatment1 Age2 Stock217 - Treatment1 Age0 Stock42,0.04333484259228826,0.07028629227496483,87.61312443778935,0.6165475683759126,1
Treatment1 Age2 Stock217 - Treatment2 Age0 Stock42,0.07422408615311649,0.06098664740602356,137.45177762950226,1.2170547047612505,0.9999995703491042
Treatment1 Age2 Stock217 - Treatment0.5 Age2 Stock42,0.05761657431908573,0.06929545663454945,169.40118793869027,0.8314625102038675,0.9999999999923144
Treatment1 Age2 Stock217 - Treatment1 Age2 Stock42,0.0011631795906908993,0.07990466026318273,137.86031439779413,0.014557093251629176,1
Treatment1 Age2 Stock217 - Treatment2 Age2 Stock42,-0.011924312232577108,0.06159138707397807,142.37495064768618,-0.19360356697690034,1
Treatment1 Age2 Stock217 - Treatment0.5 Age4 Stock42,0.08255975613726732,0.06309246293857017,120.70497262270291,1.308551803052156,0.9999970906835385
Treatment1 Age2 Stock217 - Treatment1 Age4 Stock42,0.057007335434846776,0.07529737699771888,110.40523851516352,0.7570959003867267,1
Treatment1 Age2 Stock217 - Treatment2 Age4 Stock42,0.00452730067064902,0.0653232725393712,175.36707544564683,0.0693060909941454,1
Treatment1 Age2 Stock217 - Treatment0.5 Age6 Stock42,0.057434756137266965,0.06331931581284576,122.33756360499719,0.9070653306966879,0.9999999998434039
Treatment1 Age2 Stock217 - Treatment1 Age6 Stock42,0.06862349705100805,0.07712181127300614,120.88195118850416,0.8898066048797192,0.9999999999092122
Treatment1 Age2 Stock217 - Treatment2 Age6 Stock42,0.08335083008241367,0.06449162685130234,167.74804293108207,1.292428709770259,0.9999983667659577
Treatment1 Age2 Stock217 - Treatment0.5 Age8 Stock42,0.0025116792141891553,0.0678921514161339,157.68897901600516,0.036995133631783535,1
Treatment1 Age2 Stock217 - Treatment1 Age8 Stock42,-0.011932058504547205,0.0819297897597922,150.934837105819,-0.14563760677929838,1
Treatment1 Age2 Stock217 - Treatment2 Age8 Stock42,0.16914268528603366,0.06639509318108217,185.39026247734472,2.5475178538378374,0.817992618321203
Treatment1 Age2 Stock217 - Treatment0.5 Age10 Stock42,0.015074817226217604,0.05866712130484233,93.29562131536831,0.25695512053313146,1
Treatment1 Age2 Stock217 - Treatment1 Age10 Stock42,0.03541821879397404,0.061465451844603246,115.69043383085807,0.5762296986528019,1
Treatment1 Age2 Stock217 - Treatment2 Age10 Stock42,0.14227715417476153,0.05571431551788747,149.4077322226049,2.553691144766599,0.8124717788861068
Treatment2 Age2 Stock217 - Treatment0.5 Age4 Stock217,-0.023082670007930836,0.0643861344676164,117.9681996624393,-0.3585037399556962,1
Treatment2 Age2 Stock217 - Treatment1 Age4 Stock217,-0.03853681198434128,0.057422194225230865,197.60767135302783,-0.6711135390122118,1
Treatment2 Age2 Stock217 - Treatment2 Age4 Stock217,0.07021509548383928,0.034129513465653814,647.0833946430093,2.057313109795724,0.9863887253376843
Treatment2 Age2 Stock217 - Treatment0.5 Age6 Stock217,-0.030671955722214747,0.06342454901153077,111.42362515391787,-0.4835975375503024,1
Treatment2 Age2 Stock217 - Treatment1 Age6 Stock217,-0.04689015238203949,0.055556410775200675,187.18526937456988,-0.8440097502297675,0.9999999999890481
Treatment2 Age2 Stock217 - Treatment2 Age6 Stock217,0.041317796837394505,0.03590394379793333,647.3034315339223,1.150787141098767,0.9999999574286358
Treatment2 Age2 Stock217 - Treatment0.5 Age8 Stock217,0.006203044277784498,0.06987832051414414,159.16460543943862,0.08876922387579327,1
Treatment2 Age2 Stock217 - Treatment1 Age8 Stock217,-0.03213652511582443,0.05449086146090074,203.80089024324016,-0.5897599020137277,1
Treatment2 Age2 Stock217 - Treatment2 Age8 Stock217,0.09866820630121792,0.03317311712992926,646.9155557971491,2.974342324080183,0.4911952971316518
Treatment2 Age2 Stock217 - Treatment0.5 Age10 Stock217,-0.1052403494974702,0.054494120743221026,71.39241153592712,-1.9312239203448736,0.9913242915837914
Treatment2 Age2 Stock217 - Treatment1 Age10 Stock217,0.10382513272933824,0.048330970835930506,104.1266452897651,2.1482111973664706,0.9678723398653595
Treatment2 Age2 Stock217 - Treatment2 Age10 Stock217,-0.024286698014624367,0.03231521731721005,660.6992928248204,-0.751556078865979,1
Treatment2 Age2 Stock217 - Treatment0.5 Age0 Stock42,0.15593575004210655,0.060557587309631865,185.97567899672597,2.574999384384399,0.8008332979066037
Treatment2 Age2 Stock217 - Treatment1 Age0 Stock42,0.07204499502957898,0.06632100522033321,89.69593900773513,1.0863073439588165,0.9999999623919219
Treatment2 Age2 Stock217 - Treatment2 Age0 Stock42,0.1029342385904072,0.052011368391002594,239.85560235619403,1.9790719178273672,0.9915734777750533
Treatment2 Age2 Stock217 - Treatment0.5 Age2 Stock42,0.08632672675637643,0.06370981382441539,222.22448221857863,1.3549988859533224,0.9999956839223669
Treatment2 Age2 Stock217 - Treatment1 Age2 Stock42,0.029873332027981606,0.07640992742562677,148.82433132900724,0.3909613977458448,1
Treatment2 Age2 Stock217 - Treatment2 Age2 Stock42,0.016785840204713597,0.052663936146485596,249.2861661604992,0.3187350098181706,1
Treatment2 Age2 Stock217 - Treatment0.5 Age4 Stock42,0.11126990857455803,0.05690113309070217,151.00344711076355,1.9554954801548565,0.9922014990799587
Treatment2 Age2 Stock217 - Treatment1 Age4 Stock42,0.0857174878721375,0.07157805012817484,116.65730377385681,1.197538738742438,0.9999996631217589
Treatment2 Age2 Stock217 - Treatment2 Age4 Stock42,0.033237453107939754,0.056983516423589446,312.3260668224231,0.5832818891145239,1
Treatment2 Age2 Stock217 - Treatment0.5 Age6 Stock42,0.08614490857455767,0.05715256619223541,153.43024559021438,1.5072798006095671,0.9999391080660102
Treatment2 Age2 Stock217 - Treatment1 Age6 Stock42,0.09733364948829874,0.07349487091929667,128.93016918465398,1.324359758318087,0.9999963490772579
Treatment2 Age2 Stock217 - Treatment2 Age6 Stock42,0.1120609825197044,0.0560282173790327,298.3699046643375,2.0000811691296234,0.9904295838715667
Treatment2 Age2 Stock217 - Treatment0.5 Age8 Stock42,0.03122183165147986,0.06218057808723075,205.37085440832493,0.5021154934854409,1
Treatment2 Age2 Stock217 - Treatment1 Age8 Stock42,0.016778093932743543,0.07852523624605438,164.12347210747726,0.21366499147064436,1
Treatment2 Age2 Stock217 - Treatment2 Age8 Stock42,0.19785283772332435,0.05820910244342464,330.1216464630095,3.3990016924865674,0.20180007667456712
Treatment2 Age2 Stock217 - Treatment0.5 Age10 Stock42,0.04378496966350831,0.05356400656484319,97.12105776643949,0.8174326842131081,0.9999999999897276
Treatment2 Age2 Stock217 - Treatment1 Age10 Stock42,0.06412837123126473,0.05561061591606227,141.45064684395106,1.1531677931432915,0.9999998961631242
Treatment2 Age2 Stock217 - Treatment2 Age10 Stock42,0.17098730661205222,0.04318887910414414,323.2544317087298,3.9590586780393044,0.03751872319473182
Treatment0.5 Age4 Stock217 - Treatment1 Age4 Stock217,-0.015454141976410443,0.06954187843640508,119.17837877793599,-0.22222784779308205,1
Treatment0.5 Age4 Stock217 - Treatment2 Age4 Stock217,0.09329776549177013,0.06608197128573232,129.6440280262629,1.4118490062646474,0.9999839025405872
Treatment0.5 Age4 Stock217 - Treatment0.5 Age6 Stock217,-0.007589285714283911,0.042936155108354704,646.9029846971855,-0.17675745988739347,1
Treatment0.5 Age4 Stock217 - Treatment1 Age6 Stock217,-0.023807482374108638,0.06816816024696332,112.74784957330432,-0.349246367921,1
Treatment0.5 Age4 Stock217 - Treatment2 Age6 Stock217,0.06440046684532535,0.06703995833042167,136.4699853541538,0.9606280858337205,0.9999999992875905
Treatment0.5 Age4 Stock217 - Treatment0.5 Age8 Stock217,0.029285714285715338,0.051998266086957984,646.9029846971855,0.5632055929853529,1
Treatment0.5 Age4 Stock217 - Treatment1 Age8 Stock217,-0.0090538551078935825,0.06786962385591891,114.838622198796,-0.13340069671100727,1
Treatment0.5 Age4 Stock217 - Treatment2 Age8 Stock217,0.12175087630914877,0.06556063144073311,126.154231771329,1.857072966406855,0.9963673428868163
Treatment0.5 Age4 Stock217 - Treatment0.5 Age10 Stock217,-0.08215767948953936,0.04098224865553059,674.5426169755218,-2.0047138013363286,0.9908863224062963
Treatment0.5 Age4 Stock217 - Treatment1 Age10 Stock217,0.1269078027372691,0.06163228961096783,79.63230863753805,2.0591122533063433,0.9798191422330434
Treatment0.5 Age4 Stock217 - Treatment2 Age10 Stock217,-0.0012040280066935166,0.06046903235241093,111.33187760866838,-0.01991148129635171,1
Treatment0.5 Age4 Stock217 - Treatment0.5 Age0 Stock42,0.17901842005003737,0.07223888345188956,123.58193675856491,2.4781448922762217,0.8538751548882381
Treatment0.5 Age4 Stock217 - Treatment1 Age0 Stock42,0.0951276650375098,0.07320176406485861,114.07878963480933,1.2995269479192373,0.9999973971107361
Treatment0.5 Age4 Stock217 - Treatment2 Age0 Stock42,0.12601690859833806,0.06734849383846508,117.37562914581306,1.8711169532697907,0.9957683793063011
Treatment0.5 Age4 Stock217 - Treatment0.5 Age2 Stock42,0.10940939676430726,0.07502095540199978,140.86612480609344,1.4583844764177825,0.9999686953487672
Treatment0.5 Age4 Stock217 - Treatment1 Age2 Stock42,0.052956002035912456,0.08238336221159541,172.03161119457826,0.6427997184661993,1
Treatment0.5 Age4 Stock217 - Treatment2 Age2 Stock42,0.03986851021264444,0.06789447070124446,121.0205514545666,0.5872129173534256,1
Treatment0.5 Age4 Stock217 - Treatment0.5 Age4 Stock42,0.13435257858248886,0.06933211607107467,104.88473538444357,1.9378115972222676,0.992325744816537
Treatment0.5 Age4 Stock217 - Treatment1 Age4 Stock42,0.10880015788006832,0.0779227734378653,140.95195084324777,1.3962562301099855,0.9999882849047372
Treatment0.5 Age4 Stock217 - Treatment2 Age4 Stock42,0.05632012311587058,0.07129719577485863,144.97580146673124,0.78993461809799,1
Treatment0.5 Age4 Stock217 - Treatment0.5 Age6 Stock42,0.10922757858248851,0.06953861656838609,106.08819881953904,1.5707470751171944,0.9998155746395146
Treatment0.5 Age4 Stock217 - Treatment1 Age6 Stock42,0.12041631949622959,0.07968712199308904,152.9017189934152,1.511113922606878,0.9999355481420709
Treatment0.5 Age4 Stock217 - Treatment2 Age6 Stock42,0.13514365252763522,0.07053602004673336,139.42374107749984,1.9159523380833838,0.9941943222637262
Treatment0.5 Age4 Stock217 - Treatment0.5 Age8 Stock42,0.05430450165941071,0.07372670929282936,132.17879621859822,0.7365648376319484,1
Treatment0.5 Age4 Stock217 - Treatment1 Age8 Stock42,0.03986076394067439,0.08434900169887033,186.57671026534504,0.4725694808218251,1
Treatment0.5 Age4 Stock217 - Treatment2 Age8 Stock42,0.2209355077312552,0.07228048553122851,152.3050369364739,3.0566411681864096,0.43300348235682784
Treatment0.5 Age4 Stock217 - Treatment0.5 Age10 Stock42,0.06686763967143915,0.06526788792516647,85.55718415945876,1.024510548711288,0.9999999916014954
Treatment0.5 Age4 Stock217 - Treatment1 Age10 Stock42,0.08721104123919558,0.06691728894503085,119.50214161160014,1.3032662054022395,0.9999973347772405
Treatment0.5 Age4 Stock217 - Treatment2 Age10 Stock42,0.19406997661998307,0.06289833840629665,115.73302184031738,3.0854547439134743,0.41494793912395234
Treatment1 Age4 Stock217 - Treatment2 Age4 Stock217,0.10875190746818057,0.05933571195032024,218.15044609236426,1.8328238407122313,0.9975787503210474
Treatment1 Age4 Stock217 - Treatment0.5 Age6 Stock217,0.007864856262126532,0.06865254519752222,113.56330770185474,0.11456030128960737,1
Treatment1 Age4 Stock217 - Treatment1 Age6 Stock217,-0.008353340397698208,0.044682495689068444,648.4150553678494,-0.1869488323979596,1
Treatment1 Age4 Stock217 - Treatment2 Age6 Stock217,0.07985460882173578,0.060410986387335726,229.84543452684898,1.3218557351428404,0.9999976777049004
Treatment1 Age4 Stock217 - Treatment0.5 Age8 Stock217,0.04473985626212578,0.0746557313450161,154.28438456233965,0.5992822715159503,1
Treatment1 Age4 Stock217 - Treatment1 Age8 Stock217,0.006400286868516847,0.04687308990665691,668.7417170842888,0.1365450172212325,1
Treatment1 Age4 Stock217 - Treatment2 Age8 Stock217,0.1372050182855592,0.05874083572793093,212.47284453839424,2.3357689175729415,0.9225849975543683
Treatment1 Age4 Stock217 - Treatment0.5 Age10 Stock217,-0.06670353751312891,0.060201443253251635,79.81904478698708,-1.108005620937104,0.9999999242644887
Treatment1 Age4 Stock217 - Treatment1 Age10 Stock217,0.14236194471367952,0.04008460074328554,674.9960052235524,3.5515370509840034,0.12976023212726884
Treatment1 Age4 Stock217 - Treatment2 Age10 Stock217,0.014250113969716927,0.05229887871080239,218.16208580072706,0.2724745600859995,1
Treatment1 Age4 Stock217 - Treatment0.5 Age0 Stock42,0.19447256202644783,0.06713886098510262,150.1851599042463,2.896572255963639,0.5591739622642183
Treatment1 Age4 Stock217 - Treatment1 Age0 Stock42,0.11058180701392023,0.07108623563605965,90.523125986552,1.5556008279868152,0.9998280747723955
Treatment1 Age4 Stock217 - Treatment2 Age0 Stock42,0.14147105057474849,0.06194138363681771,142.00347598456852,2.283950442635231,0.9370387729768171
Treatment1 Age4 Stock217 - Treatment0.5 Age2 Stock42,0.12486353874071769,0.07011874652836328,173.47670186743204,1.7807440224307198,0.9984389638466047
Treatment1 Age4 Stock217 - Treatment1 Age2 Stock42,0.06841014401232288,0.08060952601023508,140.8074141003316,0.8486607898381238,0.9999999999819942
Treatment1 Age4 Stock217 - Treatment2 Age2 Stock42,0.05532265218905487,0.06253735308745416,146.89613609225063,0.8846337342050593,0.9999999999409017
Treatment1 Age4 Stock217 - Treatment0.5 Age4 Stock42,0.14980672055889932,0.06399560285029736,124.96908128591134,2.34089084072443,0.9162887069586239
Treatment1 Age4 Stock217 - Treatment1 Age4 Stock42,0.12425429985647876,0.07604495995499455,113.34517746456942,1.633958383698483,0.9996154942872025
Treatment1 Age4 Stock217 - Treatment2 Age4 Stock42,0.07177426509228103,0.06621594600050118,179.59931726842186,1.0839423043467171,0.9999999841942198
Treatment1 Age4 Stock217 - Treatment0.5 Age6 Stock42,0.12468172055889895,0.06421926548571727,126.6007705144952,1.9415002587755987,0.9926236441741836
Treatment1 Age4 Stock217 - Treatment1 Age6 Stock42,0.13587046147264004,0.07785187682933083,123.8347715302481,1.7452432363384027,0.9987461005760137
Treatment1 Age4 Stock217 - Treatment2 Age6 Stock42,0.15059779450404567,0.06539565355140922,172.05821930209592,2.302871617999151,0.93251327533616
Treatment1 Age4 Stock217 - Treatment0.5 Age8 Stock42,0.06975864363582114,0.06873225246148557,161.83662391697098,1.014933181113346,0.9999999971932276
Treatment1 Age4 Stock217 - Treatment1 Age8 Stock42,0.05531490591708481,0.08261737953907683,153.85828495123357,0.6695311110771996,1
Treatment1 Age4 Stock217 - Treatment2 Age8 Stock42,0.23638964970766563,0.06727354582607419,189.511299914797,3.513857442847091,0.15579502848561932
Treatment1 Age4 Stock217 - Treatment0.5 Age10 Stock42,0.0823217816478496,0.059623875230058535,97.59911501932494,1.3806848570343888,0.9999874814593414
Treatment1 Age4 Stock217 - Treatment1 Age10 Stock42,0.10266518321560601,0.062388271951587186,120.05353883104735,1.6455846588485956,0.9995743030507103
Treatment1 Age4 Stock217 - Treatment2 Age10 Stock42,0.20952411859639353,0.0567771545024536,154.9281317840888,3.6902891740962294,0.0983996005071317
Treatment2 Age4 Stock217 - Treatment0.5 Age6 Stock217,-0.10088705120605404,0.06514542220787611,122.92916455008645,-1.5486437540327544,0.999875568561926
Treatment2 Age4 Stock217 - Treatment1 Age6 Stock217,-0.11710524786587878,0.057534616419138825,208.4819696629203,-2.0353876527614054,0.9867710521595927
Treatment2 Age4 Stock217 - Treatment2 Age6 Stock217,-0.02889729864644478,0.03871134295376408,646.9483732200358,-0.746481430028378,1
Treatment2 Age4 Stock217 - Treatment0.5 Age8 Stock217,-0.0640120512060548,0.07144391013378136,171.53890584892633,-0.8959763132531502,0.9999999999277623
Treatment2 Age4 Stock217 - Treatment1 Age8 Stock217,-0.10235162059966371,0.05651576178099982,227.14188873952622,-1.8110278862785067,0.9980605223503789
Treatment2 Age4 Stock217 - Treatment2 Age8 Stock217,0.028453110817378634,0.036262759817676245,646.9914086518111,0.7846372135059945,1
Treatment2 Age4 Stock217 - Treatment0.5 Age10 Stock217,-0.1754554449813095,0.05648175539620201,82.09678040195637,-3.10640920684111,0.4059263869501015
Treatment2 Age4 Stock217 - Treatment1 Age10 Stock217,0.03361003724549895,0.05057874829708965,122.71539239599086,0.6645090749988549,1
Treatment2 Age4 Stock217 - Treatment2 Age10 Stock217,-0.09450179349846365,0.035808803156349316,668.5455777898836,-2.639065960564152,0.7622623187196776
Treatment2 Age4 Stock217 - Treatment0.5 Age0 Stock42,0.08572065455826727,0.0622945137538366,205.5432464854055,1.3760546377647567,0.9999934883004393
Treatment2 Age4 Stock217 - Treatment1 Age0 Stock42,0.0018298995457396716,0.06793965496317139,98.79018068447418,0.026934189564719168,1
Treatment2 Age4 Stock217 - Treatment2 Age0 Stock42,0.0327191431065679,0.05397492343217579,271.39089099536176,0.6061915613031367,1
Treatment2 Age4 Stock217 - Treatment0.5 Age2 Stock42,0.016111631272537154,0.06536060274337653,242.06141235456758,0.2465037131893626,1
Treatment2 Age4 Stock217 - Treatment1 Age2 Stock42,-0.04034176345585768,0.07781857646777253,159.1405698370674,-0.5184078826289589,1
Treatment2 Age4 Stock217 - Treatment2 Age2 Stock42,-0.05342925527912569,0.054603118313668986,280.641819273285,-0.9785019048216256,0.9999999993688352
Treatment2 Age4 Stock217 - Treatment0.5 Age4 Stock42,0.041054813090718734,0.058743569524175226,170.19363949036904,0.698881825249368,1
Treatment2 Age4 Stock217 - Treatment1 Age4 Stock42,0.015502392388298203,0.07307989528203032,126.38597283590335,0.21212937331767223,1
Treatment2 Age4 Stock217 - Treatment2 Age4 Stock42,-0.03697764237589955,0.05878036664680568,341.6664823113089,-0.6290815196524304,1
Treatment2 Age4 Stock217 - Treatment0.5 Age6 Stock42,0.015929813090718378,0.05898714975139634,172.67719689404157,0.2700556503891984,1
Treatment2 Age4 Stock217 - Treatment1 Age6 Stock42,0.02711855400445945,0.07495832099056839,138.92090242540922,0.36178176946988494,1
Treatment2 Age4 Stock217 - Treatment2 Age6 Stock42,0.041845887035865094,0.05785474485128733,328.2836105176181,0.7232922233678121,1
Treatment2 Age4 Stock217 - Treatment0.5 Age8 Stock42,-0.03899326383235942,0.06387090342791472,225.22659456873353,-0.6105012100911891,1
Treatment2 Age4 Stock217 - Treatment1 Age8 Stock42,-0.053437001551095764,0.07989659918782314,174.61612620710852,-0.6688269850569556,1
Treatment2 Age4 Stock217 - Treatment2 Age8 Stock42,0.1276377422394851,0.059969241836165664,358.6375940288957,2.128386791818845,0.9767190566917334
Treatment2 Age4 Stock217 - Treatment0.5 Age10 Stock42,-0.026430125820330982,0.055545806708437916,111.95939598735525,-0.4758257623129633,1
Treatment2 Age4 Stock217 - Treatment1 Age10 Stock42,-0.006086724252574546,0.0575049364885939,160.34560062829485,-0.10584698678489711,1
Treatment2 Age4 Stock217 - Treatment2 Age10 Stock42,0.10077221112821294,0.04549142381295593,371.8784970943763,2.2151914071221723,0.9605012635338857
Treatment0.5 Age6 Stock217 - Treatment1 Age6 Stock217,-0.01621819665982474,0.0672606658983522,107.16975447578291,-0.24112453308646276,1
Treatment0.5 Age6 Stock217 - Treatment2 Age6 Stock217,0.07198975255960925,0.06611698056156799,129.6702063582831,1.0888239594149727,0.9999999753108018
Treatment0.5 Age6 Stock217 - Treatment0.5 Age8 Stock217,0.03687499999999925,0.0508027438401133,646.9029846971548,0.7258466219079125,1
Treatment0.5 Age6 Stock217 - Treatment1 Age8 Stock217,-0.0014645693936096715,0.06695808351482295,109.11584807846623,-0.021872928804562486,1
Treatment0.5 Age6 Stock217 - Treatment2 Age8 Stock217,0.12934016202343268,0.06461652652798455,119.4824874720004,2.001657609488142,0.9881288295299004
Treatment0.5 Age6 Stock217 - Treatment0.5 Age10 Stock217,-0.07456839377525545,0.03945432562467423,673.6521478202228,-1.8899928612294248,0.996559552072185
Treatment0.5 Age6 Stock217 - Treatment1 Age10 Stock217,0.134497088451553,0.060627042054880946,74.62496577252392,2.2184339511369076,0.9487661201758382
Treatment0.5 Age6 Stock217 - Treatment2 Age10 Stock217,0.006385257707590394,0.05944411643948464,104.29457452104894,0.10741614292628474,1
Treatment0.5 Age6 Stock217 - Treatment0.5 Age0 Stock42,0.18660770576432129,0.07138315899432986,118.19430580867781,2.614169902163394,0.7715571217919482
Treatment0.5 Age6 Stock217 - Treatment1 Age0 Stock42,0.10271695075179371,0.07235742786916428,109.11169293293419,1.4195771433103608,0.9999789789981768
Treatment0.5 Age6 Stock217 - Treatment2 Age0 Stock42,0.13360619431262197,0.0664298030099733,111.40917432607061,2.011238755179859,0.9869962219124315
Treatment0.5 Age6 Stock217 - Treatment0.5 Age2 Stock42,0.11699868247859117,0.07419732377291603,135.30486047410375,1.5768585243946327,0.9998303854260765
Treatment0.5 Age6 Stock217 - Treatment1 Age2 Stock42,0.06054528775019637,0.08163404605261836,166.6153650180694,0.7416671190249601,1
Treatment0.5 Age6 Stock217 - Treatment2 Age2 Stock42,0.04745779592692835,0.06698326848875198,114.99616874033201,0.7085022423905396,1
Treatment0.5 Age6 Stock217 - Treatment0.5 Age4 Stock42,0.14194186429677277,0.06844005716338247,99.77781124511189,2.0739588799279383,0.9794001777235248
Treatment0.5 Age6 Stock217 - Treatment1 Age4 Stock42,0.11638944359435223,0.07713013500495752,135.73979120390746,1.5090009058958775,0.9999325451132574
Treatment0.5 Age6 Stock217 - Treatment2 Age4 Stock42,0.06390940883015452,0.07043003074678164,138.6592558990174,0.9074170230015824,0.9999999998657887
Treatment0.5 Age6 Stock217 - Treatment0.5 Age6 Stock42,0.11681686429677242,0.06864924107285607,100.96192527381214,1.7016482989636696,0.9991121463440445
Treatment0.5 Age6 Stock217 - Treatment1 Age6 Stock42,0.12800560521051352,0.07891220765620198,147.59534970940095,1.6221267787640348,0.9997140848425402
Treatment0.5 Age6 Stock217 - Treatment2 Age6 Stock42,0.14273293824191913,0.06965938005514591,133.16509147165584,2.0490124679393427,0.9839143848555649
Treatment0.5 Age6 Stock217 - Treatment0.5 Age8 Stock42,0.06189378737369462,0.07288845428998657,126.70545049316792,0.8491576337652917,0.9999999999788368
Treatment0.5 Age6 Stock217 - Treatment1 Age8 Stock42,0.047450049654958304,0.08361730199683627,181.10750838611426,0.5674668821143454,1
Treatment0.5 Age6 Stock217 - Treatment2 Age8 Stock42,0.2285247934455391,0.07142525949735305,145.92044540936394,3.199495459362076,0.33095991384050305
Treatment0.5 Age6 Stock217 - Treatment0.5 Age10 Stock42,0.07445692538572306,0.06431948615968709,80.8008374887477,1.157610699825362,0.9999997711066888
Treatment0.5 Age6 Stock217 - Treatment1 Age10 Stock42,0.0948003269534795,0.06599259553455096,113.4102764903323,1.4365297528545609,0.9999735384036365
Treatment0.5 Age6 Stock217 - Treatment2 Age10 Stock42,0.20165926233426698,0.06191365019046366,109.01352186288527,3.257105044104278,0.29948520652574384
Treatment1 Age6 Stock217 - Treatment2 Age6 Stock217,0.088207949219434,0.05864437450740792,220.63816415864977,1.5041161229930355,0.9999519322646319
Treatment1 Age6 Stock217 - Treatment0.5 Age8 Stock217,0.05309319665982399,0.07337781297947729,147.79418618296847,0.723559268176518,1
Treatment1 Age6 Stock217 - Treatment1 Age8 Stock217,0.01475362726621507,0.04351863947832933,663.8334842760665,0.33901857785700834,1
Treatment1 Age6 Stock217 - Treatment2 Age8 Stock217,0.1455583586832574,0.056918967255972806,202.55377658581963,2.557290929553596,0.8125902095402353
Treatment1 Age6 Stock217 - Treatment0.5 Age10 Stock217,-0.0583501971154307,0.058619184542464446,73.40817498154098,-0.9954112731329641,0.9999999949845757
Treatment1 Age6 Stock217 - Treatment1 Age10 Stock217,0.15071528511137772,0.03823671875049344,673.9427717768698,3.941637515887337,0.03703834789118943
Treatment1 Age6 Stock217 - Treatment2 Age10 Stock217,0.022603454367415135,0.05014387119887576,203.64536675386887,0.45077202511484415,1
Treatment1 Age6 Stock217 - Treatment0.5 Age0 Stock42,0.20282590242414605,0.06572148675332741,142.33121391448856,3.086142941126894,0.4116084383522435
Treatment1 Age6 Stock217 - Treatment1 Age0 Stock42,0.11893514741161842,0.06976377362725109,85.37357853055471,1.704826749296716,0.9989750047793706
Treatment1 Age6 Stock217 - Treatment2 Age0 Stock42,0.14982439097244668,0.06037170699090853,133.43227854725347,2.4816987698394706,0.852808780946891
Treatment1 Age6 Stock217 - Treatment0.5 Age2 Stock42,0.13321687913841593,0.06876124627167293,165.76953825750593,1.9373831389280143,0.9934312899089761
Treatment1 Age6 Stock217 - Treatment1 Age2 Stock42,0.07676348441002111,0.07944531884604626,135.42362063280748,0.9662430150073138,0.9999999991505197
Treatment1 Age6 Stock217 - Treatment2 Age2 Stock42,0.06367599258675309,0.060982384577359244,138.34201163625758,1.0441702637255332,0.9999999926816749
Treatment1 Age6 Stock217 - Treatment0.5 Age4 Stock42,0.15816006095659751,0.06250526024502086,117.19696974685067,2.5303480112971206,0.8240786952640089
Treatment1 Age6 Stock217 - Treatment1 Age4 Stock42,0.13260764025417698,0.0748097516204399,108.06571027615325,1.7725983228361,0.9982298375301151
Treatment1 Age6 Stock217 - Treatment2 Age4 Stock42,0.08012760548997923,0.06474937993755087,171.31805466718052,1.2375038273302428,0.9999994569887017
Treatment1 Age6 Stock217 - Treatment0.5 Age6 Stock42,0.13303506095659717,0.06273423653516343,118.82101850400745,2.1206133732420436,0.9736294703469102
Treatment1 Age6 Stock217 - Treatment1 Age6 Stock42,0.14422380187033823,0.07664579394072764,118.49754209375516,1.8816923206754252,0.9953827099514179
Treatment1 Age6 Stock217 - Treatment2 Age6 Stock42,0.15895113490174387,0.06391026678845872,163.69261635105687,2.4870985975988473,0.8518567657146775
Treatment1 Age6 Stock217 - Treatment0.5 Age8 Stock42,0.07811198403351934,0.06734681063386881,154.06474413578746,1.159846818258038,0.9999998885922957
Treatment1 Age6 Stock217 - Treatment1 Age8 Stock42,0.063668246314783,0.08148186549692547,148.4730631184445,0.7813793403783247,1
Treatment1 Age6 Stock217 - Treatment2 Age8 Stock42,0.24474299010536388,0.06583054508029636,181.35790385041417,3.717772499177096,0.08856142232926056
Treatment1 Age6 Stock217 - Treatment0.5 Age10 Stock42,0.09067512204554781,0.05803984323668351,89.97317503752609,1.56229095374671,0.9998116955137297
Treatment1 Age6 Stock217 - Treatment1 Age10 Stock42,0.11101852361330421,0.06086390105687854,112.13827284239673,1.8240454799233976,0.9971649789266053
Treatment1 Age6 Stock217 - Treatment2 Age10 Stock42,0.21787745899409172,0.05503373424871842,144.36657469635603,3.958980104991975,0.04416262986317876
Treatment2 Age6 Stock217 - Treatment0.5 Age8 Stock217,-0.03511475255961001,0.07233091579083006,178.6917658502428,-0.48547363427772017,1
Treatment2 Age6 Stock217 - Treatment1 Age8 Stock217,-0.07345432195321894,0.05765036575457401,240.37351875116667,-1.2741345348254105,0.9999990916892145
Treatment2 Age6 Stock217 - Treatment2 Age8 Stock217,0.057350409463823415,0.03793013754478499,647.1543631301126,1.5120010940141848,0.9999603827109331
Treatment2 Age6 Stock217 - Treatment0.5 Age10 Stock217,-0.14655814633486472,0.057596310835948926,88.49301874738794,-2.544575237679806,0.8121988406013092
Treatment2 Age6 Stock217 - Treatment1 Age10 Stock217,0.06250733589194374,0.05183000875901771,133.7076847465369,1.2060066627148374,0.999999650127283
Treatment2 Age6 Stock217 - Treatment2 Age10 Stock217,-0.06560449485201887,0.037673874866425365,670.9174745645759,-1.7413790082550027,0.9992346735746984
Treatment2 Age6 Stock217 - Treatment0.5 Age0 Stock42,0.11461795320471205,0.06327449581337789,216.86142092716278,1.811440008036837,0.9980275455625819
Treatment2 Age6 Stock217 - Treatment1 Age0 Stock42,0.030727198192184446,0.06885557468564922,104.15929012583295,0.4462557800507119,1
Treatment2 Age6 Stock217 - Treatment2 Age0 Stock42,0.061616441753012674,0.05507583992644875,289.3040385503471,1.1187562792559966,0.9999999731242162
Treatment2 Age6 Stock217 - Treatment0.5 Age2 Stock42,0.045008929918981935,0.06629391740172119,253.42232704704688,0.6789300087101712,1
Treatment2 Age6 Stock217 - Treatment1 Age2 Stock42,-0.011444464809412934,0.07861924770434259,165.13030176301095,-0.14556823098144187,1
Treatment2 Age6 Stock217 - Treatment2 Age2 Stock42,-0.02453195663268092,0.0556911097213237,298.39277942570067,-0.44050040940893337,1
Treatment2 Age6 Stock217 - Treatment0.5 Age4 Stock42,0.06995211173716352,0.059780281480855874,181.4268053720456,1.1701536025648371,0.9999998776990067
Treatment2 Age6 Stock217 - Treatment1 Age4 Stock42,0.044399691034742964,0.07393190353669202,132.07918995555337,0.6005484629880743,1
Treatment2 Age6 Stock217 - Treatment2 Age4 Stock42,-0.008080343729454792,0.05979239646935794,357.95795772146965,-0.13513998780088635,1
Treatment2 Age6 Stock217 - Treatment0.5 Age6 Stock42,0.04482711173716316,0.0600196545248505,183.93350815557707,0.7468738714349475,1
Treatment2 Age6 Stock217 - Treatment1 Age6 Stock42,0.05601585265090425,0.0757892152740171,144.74861368734668,0.7391005758323009,1
Treatment2 Age6 Stock217 - Treatment2 Age6 Stock42,0.07074318568230989,0.058882685691326424,344.95835714192566,1.201425934495555,0.9999998330074649
Treatment2 Age6 Stock217 - Treatment0.5 Age8 Stock42,-0.010095965185914643,0.06482566928452617,236.64933354836236,-0.15574023835531062,1
Treatment2 Age6 Stock217 - Treatment1 Age8 Stock42,-0.024539702904651017,0.08067664983070305,180.68901267883712,-0.3041735490522558,1
Treatment2 Age6 Stock217 - Treatment2 Age8 Stock42,0.15653504088592984,0.060961538192703967,374.39706513396777,2.5677672435218235,0.8091157133901321
Treatment2 Age6 Stock217 - Treatment0.5 Age10 Stock42,0.002467172826113799,0.05665696704134059,120.80487422205125,0.04354579771828573,1
Treatment2 Age6 Stock217 - Treatment1 Age10 Stock42,0.022810574393870228,0.05856944889691662,171.43838532903212,0.38946199466580755,1
Treatment2 Age6 Stock217 - Treatment2 Age10 Stock42,0.12966950977465772,0.04676854346522422,397.86540923165927,2.772579605158675,0.6590813996618864
Treatment0.5 Age8 Stock217 - Treatment1 Age8 Stock217,-0.03833956939360893,0.07310055545985537,150.76765615041643,-0.5244771281480052,1
Treatment0.5 Age8 Stock217 - Treatment2 Age8 Stock217,0.09246516202343343,0.07096197405021314,167.8876473444105,1.3030240951020402,0.9999980056548378
Treatment0.5 Age8 Stock217 - Treatment0.5 Age10 Stock217,-0.1114433937752547,0.04916248642063596,673.5785864493306,-2.266838028120488,0.9488925891003115
Treatment0.5 Age8 Stock217 - Treatment1 Age10 Stock217,0.09762208845155373,0.06734942085041036,112.05247334428755,1.4494866803440214,0.9999674259449319
Treatment0.5 Age8 Stock217 - Treatment2 Age10 Stock217,-0.03048974229240886,0.06628656907573657,156.06088947671375,-0.45996862890237106,1
Treatment0.5 Age8 Stock217 - Treatment0.5 Age0 Stock42,0.14973270576432204,0.07717422917380619,157.11155882914105,1.9401904932163938,0.9931773595637033
Treatment0.5 Age8 Stock217 - Treatment1 Age0 Stock42,0.06584195075179444,0.07807626802302157,145.1166809182978,0.8433029961470531,0.9999999999856752
Treatment0.5 Age8 Stock217 - Treatment2 Age0 Stock42,0.0967311943126227,0.07261697452046076,154.8159925907749,1.33207414590603,0.999996386467293
Treatment0.5 Age8 Stock217 - Treatment0.5 Age2 Stock42,0.08012368247859193,0.07978439142855148,175.13011366234255,1.0042525993363538,0.9999999980728074
Treatment0.5 Age8 Stock217 - Treatment1 Age2 Stock42,0.023670287750197097,0.08674343626743411,204.88741817039386,0.2728769895306024,1
Treatment0.5 Age8 Stock217 - Treatment2 Age2 Stock42,0.010582795926929104,0.07312362489645613,158.7258376043585,0.1447247171063314,1
Treatment0.5 Age8 Stock217 - Treatment0.5 Age4 Stock42,0.10506686429677352,0.07446037661124505,137.06862763703964,1.4110439548986415,0.9999847763607262
Treatment0.5 Age8 Stock217 - Treatment1 Age4 Stock42,0.07951444359435299,0.08251887048696413,173.01892933112103,0.9635910322707851,0.9999999994010548
Treatment0.5 Age8 Stock217 - Treatment2 Age4 Stock42,0.027034408830155232,0.07629348262829531,183.90434258687463,0.3543475523573603,1
Treatment0.5 Age8 Stock217 - Treatment0.5 Age6 Stock42,0.07994186429677316,0.07465269292155842,138.3654977785616,1.0708503761648942,0.9999999853752238
Treatment0.5 Age8 Stock217 - Treatment1 Age6 Stock42,0.09113060521051426,0.0841869513507701,185.3600375150016,1.0824789797983418,0.9999999851748783
Treatment0.5 Age8 Stock217 - Treatment2 Age6 Stock42,0.10585793824191989,0.07558264013798835,178.12376078400047,1.4005588855940871,0.9999892788892397
Treatment0.5 Age8 Stock217 - Treatment0.5 Age8 Stock42,0.025018787373695367,0.07856865169611127,166.0646304026706,0.31843218425668446,1
Treatment0.5 Age8 Stock217 - Treatment1 Age8 Stock42,0.010575049654959034,0.08861241139813036,219.56550782967798,0.11934050194668507,1
Treatment0.5 Age8 Stock217 - Treatment2 Age8 Stock42,0.19164979344553984,0.07721317215880728,191.48874725410735,2.482086774668011,0.8558503811885716
Treatment0.5 Age8 Stock217 - Treatment0.5 Age10 Stock42,0.037581925385723816,0.07069160176716587,116.01596241810623,0.5316321097024498,1
Treatment0.5 Age8 Stock217 - Treatment1 Age10 Stock42,0.057925326953480225,0.07221723427235516,157.69223098597743,0.8020983846463102,0.9999999999973127
Treatment0.5 Age8 Stock217 - Treatment2 Age10 Stock42,0.16478426233426774,0.06850989958004965,158.16445759860716,2.4052620620429805,0.8921078525716322
Treatment1 Age8 Stock217 - Treatment2 Age8 Stock217,0.13080473141704235,0.05588183821958285,220.67486769526212,2.340737806495493,0.921003675342197
Treatment1 Age8 Stock217 - Treatment0.5 Age10 Stock217,-0.07310382438164578,0.058307324422997964,74.49893902150568,-1.253767431537498,0.9999981596776886
Treatment1 Age8 Stock217 - Treatment1 Age10 Stock217,0.13596165784516268,0.03973684079736524,649.5938100397645,3.4215517669984887,0.18590596266402137
Treatment1 Age8 Stock217 - Treatment2 Age10 Stock217,0.007849827101200066,0.04859829511943812,219.9059891945347,0.16152474241962306,1
Treatment1 Age8 Stock217 - Treatment0.5 Age0 Stock42,0.18807227515793098,0.06543514042565322,146.16716784729175,2.8741785214263715,0.5771971379401126
Treatment1 Age8 Stock217 - Treatment1 Age0 Stock42,0.10418152014540338,0.06954620743302567,86.43444840499566,1.4980187128928948,0.9999170868509121
Treatment1 Age8 Stock217 - Treatment2 Age0 Stock42,0.13507076370623164,0.05995116730836968,139.1958620110916,2.253013073314665,0.945988349999051
Treatment1 Age8 Stock217 - Treatment0.5 Age2 Stock42,0.11846325187220084,0.0684819986719289,170.42096120226765,1.7298451296626582,0.9990752445691113
Treatment1 Age8 Stock217 - Treatment1 Age2 Stock42,0.06200985714380604,0.0792528088188145,137.411864055603,0.7824310339028009,1
Treatment1 Age8 Stock217 - Treatment2 Age2 Stock42,0.04892236532053802,0.06056382269663284,144.3531880821279,0.8077819916617971,0.9999999999962126
Treatment1 Age8 Stock217 - Treatment0.5 Age4 Stock42,0.14340643369038245,0.06219793173061465,120.2888820114757,2.305646340645052,0.9284536819673384
Treatment1 Age8 Stock217 - Treatment1 Age4 Stock42,0.1178540129879619,0.0746052810237554,109.55567079942324,1.5797006776294493,0.9997979740965659
Treatment1 Age8 Stock217 - Treatment2 Age4 Stock42,0.06537397822376419,0.06435532295922036,178.9115431095896,1.0158286093162692,0.999999997388537
Treatment1 Age8 Stock217 - Treatment0.5 Age6 Stock42,0.11828143369038209,0.06242803526396013,121.96764499739253,1.894684546618533,0.9949020854410815
Treatment1 Age8 Stock217 - Treatment1 Age6 Stock42,0.1294701746041232,0.07644623436066743,120.18003131359595,1.6936108846551279,0.9992654073447952
Treatment1 Age8 Stock217 - Treatment2 Age6 Stock42,0.1441975076355288,0.06351100370691842,170.9335545459002,2.2704334559244415,0.9425528848442859
Treatment1 Age8 Stock217 - Treatment0.5 Age8 Stock42,0.0633583567673043,0.06706167352387352,158.35686964018754,0.9447774479524305,0.9999999996282026
Treatment1 Age8 Stock217 - Treatment1 Age8 Stock42,0.04891461904856795,0.08129417829082633,150.69011972885082,0.6016989171546585,1
Treatment1 Age8 Stock217 - Treatment2 Age8 Stock42,0.22998936283914878,0.0654429985289272,189.40225232169135,3.514346347340558,0.15560309647502446
Treatment1 Age8 Stock217 - Treatment0.5 Age10 Stock42,0.07592149477933273,0.05777463964050426,91.51099873721665,1.3140972449459674,0.9999957036501209
Treatment1 Age8 Stock217 - Treatment1 Age10 Stock42,0.09626489634708917,0.06056719940473161,115.0405452737262,1.5893899221559316,0.9997791876058664
Treatment1 Age8 Stock217 - Treatment2 Age10 Stock42,0.20312383172787665,0.05447644336657628,152.58302500303577,3.728654427034459,0.08831409386503952
Treatment2 Age8 Stock217 - Treatment0.5 Age10 Stock217,-0.2039085557986881,0.05587538531287483,78.83604120699184,-3.649344960341659,0.12667185691478022
Treatment2 Age8 Stock217 - Treatment1 Age10 Stock217,0.005156926428120295,0.04988767701030705,117.27670459053262,0.10337074678892841,1
Treatment2 Age8 Stock217 - Treatment2 Age10 Stock217,-0.12295490431584229,0.03465817095538525,667.6472796772775,-3.547645502531556,0.13126950819383876
Treatment2 Age8 Stock217 - Treatment0.5 Age0 Stock42,0.05726754374088862,0.061788559963664974,199.29112435026937,0.9268308530667334,0.9999999998309703
Treatment2 Age8 Stock217 - Treatment1 Age0 Stock42,-0.026623211271638955,0.06745435275292269,95.95333267357151,-0.3946848525721776,1
Treatment2 Age8 Stock217 - Treatment2 Age0 Stock42,0.004266032289189273,0.05342690897033702,261.1022504914239,0.07984800864219568,1
Treatment2 Age8 Stock217 - Treatment0.5 Age2 Stock42,-0.012341479544841489,0.0648803810437727,235.69148292010274,-0.1902189744618653,1
Treatment2 Age8 Stock217 - Treatment1 Age2 Stock42,-0.0687948742732363,0.07739556682025932,155.92262425988542,-0.888873576350995,0.999999999936555
Treatment2 Age8 Stock217 - Treatment2 Age2 Stock42,-0.08188236609650433,0.05406215684606548,270.4105156720014,-1.5145967322327345,0.9999484679444353
Treatment2 Age8 Stock217 - Treatment0.5 Age4 Stock42,0.012601702273340103,0.058208782961416294,164.07579848423612,0.21649142332512164,1
Treatment2 Age8 Stock217 - Treatment1 Age4 Stock42,-0.012950718429080438,0.07262929171065337,123.35166918158839,-0.17831260809584362,1
Treatment2 Age8 Stock217 - Treatment2 Age4 Stock42,-0.0654307531932782,0.05827819297477366,331.9797575774453,-1.1227313314536125,0.9999999724308615
Treatment2 Age8 Stock217 - Treatment0.5 Age6 Stock42,-0.012523297726660255,0.05845459168620816,166.54001079895556,-0.2142397605629844,1
Treatment2 Age8 Stock217 - Treatment1 Age6 Stock42,-0.0013345568129191632,0.07451907679033438,135.80494786100508,-0.017908928430152855,1
Treatment2 Age8 Stock217 - Treatment2 Age6 Stock42,0.013392776218486467,0.057344465949903216,318.4354145830571,0.23354958489257796,1
Treatment2 Age8 Stock217 - Treatment0.5 Age8 Stock42,-0.06744637464973806,0.06337939537504023,218.86289398945857,-1.064168792564712,0.9999999918870699
Treatment2 Age8 Stock217 - Treatment1 Age8 Stock42,-0.08189011236847443,0.07948464934651424,171.3423586622725,-1.0302632400310852,0.9999999959575282
Treatment2 Age8 Stock217 - Treatment2 Age8 Stock42,0.09918463142210646,0.05947710685361701,349.18728350599474,1.6676102229756438,0.9996366624624881
Treatment2 Age8 Stock217 - Treatment0.5 Age10 Stock42,-0.05488323663770961,0.054958511783429975,107.27924722205056,-0.9986303278004143,0.999999997069833
Treatment2 Age8 Stock217 - Treatment1 Age10 Stock42,-0.03453983506995319,0.05695062858491477,154.34113887761308,-0.6064873369826542,1
Treatment2 Age8 Stock217 - Treatment2 Age10 Stock42,0.07231910031083431,0.044872334732002965,356.68837097159104,1.6116634167300483,0.9998204148046324
Treatment0.5 Age10 Stock217 - Treatment1 Age10 Stock217,0.20906548222680843,0.050819047219314246,43.6521002403477,4.1139197538388945,0.04960635738795094
Treatment0.5 Age10 Stock217 - Treatment2 Age10 Stock217,0.08095365148284585,0.05002824752584017,61.93609247125772,1.6181588499783517,0.9994817980822173
Treatment0.5 Age10 Stock217 - Treatment0.5 Age0 Stock42,0.26117609953957677,0.06321357908199123,86.82714721242296,4.131645499787602,0.03095688331617119
Treatment0.5 Age10 Stock217 - Treatment1 Age0 Stock42,0.17728534452704914,0.06367373827727289,79.98186825626782,2.7842773068395092,0.6471766646309667
Treatment0.5 Age10 Stock217 - Treatment2 Age0 Stock42,0.2081745880878774,0.057563964688324885,76.06745937630954,3.616404624230119,0.1387976157459352
Treatment0.5 Age10 Stock217 - Treatment0.5 Age2 Stock42,0.19156707625384667,0.0663773722383865,103.77438980019102,2.886029829048612,0.5689169604850546
Treatment0.5 Age10 Stock217 - Treatment1 Age2 Stock42,0.13511368152545178,0.07402691840314532,139.13463625516556,1.8251966236070007,0.9973876882004206
Treatment0.5 Age10 Stock217 - Treatment2 Age2 Stock42,0.12202618970218379,0.05820169488377799,79.47429568803807,2.0966088693096636,0.9744712814984255
Treatment0.5 Age10 Stock217 - Treatment0.5 Age4 Stock42,0.21651025807202826,0.05987281615839908,69.23865398787203,3.61616960690859,0.14218351401428264
Treatment0.5 Age10 Stock217 - Treatment1 Age4 Stock42,0.19095783736960764,0.06902843543951936,106.95659833022813,2.7663648488298587,0.6615337607272065
Treatment0.5 Age10 Stock217 - Treatment2 Age4 Stock42,0.13847780260540993,0.062137494807086996,102.64521616092878,2.2285707371262746,0.9498104048186536
Treatment0.5 Age10 Stock217 - Treatment0.5 Age6 Stock42,0.1913852580720279,0.060111820718470196,70.3545776964733,3.1838206825969935,0.3572320116145751
Treatment0.5 Age10 Stock217 - Treatment1 Age6 Stock42,0.20257399898576894,0.07101410909474583,119.18864175555383,2.852588050009867,0.594775036523569
Treatment0.5 Age10 Stock217 - Treatment2 Age6 Stock42,0.21730133201717455,0.061262617145984015,97.18264267547193,3.5470461782486784,0.15664546914061706
Treatment0.5 Age10 Stock217 - Treatment0.5 Age8 Stock42,0.13646218114895003,0.06491101184694206,95.23382990635012,2.102296317159917,0.9750212692560831
Treatment0.5 Age10 Stock217 - Treatment1 Age8 Stock42,0.12201844343021372,0.07620840089238874,154.5576582578909,1.601115388873095,0.9997853022511083
Treatment0.5 Age10 Stock217 - Treatment2 Age8 Stock42,0.3030931872207946,0.06326331262408237,109.93355663164962,4.790978762395955,0.002594617787769815
Treatment0.5 Age10 Stock217 - Treatment0.5 Age10 Stock42,0.1490253191609785,0.05508754250418885,51.86909814851069,2.7052453674012895,0.7011210894905648
Treatment0.5 Age10 Stock217 - Treatment1 Age10 Stock42,0.169368720728735,0.05682543523062141,78.19958390934575,2.980508992872044,0.4986040274848845
Treatment0.5 Age10 Stock217 - Treatment2 Age10 Stock42,0.2762276561095224,0.052377680785506614,68.85061356902939,5.273766458669875,7.382341188278962e-4
Treatment1 Age10 Stock217 - Treatment2 Age10 Stock217,-0.1281118307439626,0.042552595774749104,100.5352037123341,-3.010670169738146,0.47275466065695526
Treatment1 Age10 Stock217 - Treatment0.5 Age0 Stock42,0.05211061731276831,0.058880154162194435,98.97854608701354,0.8850285474664622,0.9999999998943969
Treatment1 Age10 Stock217 - Treatment1 Age0 Stock42,-0.031780137699759264,0.06328878479949447,60.40542847881925,-0.5021448555291761,1
Treatment1 Age10 Stock217 - Treatment2 Age0 Stock42,-8.908941389310365e-4,0.0529958145588544,83.21677988632253,-0.016810650923039513,1
Treatment1 Age10 Stock217 - Treatment0.5 Age2 Stock42,-0.017498405972961796,0.062262533088726646,120.89518335574158,-0.28104230754675297,1
Treatment1 Age10 Stock217 - Treatment1 Age2 Stock42,-0.0739518007013566,0.07382639464693445,106.99476160386284,-1.0016986615020533,0.9999999967962532
Treatment1 Age10 Stock217 - Treatment2 Age2 Stock42,-0.08703929252462467,0.05369374163363436,87.48784896674404,-1.621032356405989,0.9996039017746551
Treatment1 Age10 Stock217 - Treatment0.5 Age4 Stock42,0.007444775845219773,0.05527586811700844,76.35761194699415,0.1346840149024997,1
Treatment1 Age10 Stock217 - Treatment1 Age4 Stock42,-0.018107644857200733,0.06881334752449461,81.33779108258653,-0.2631414617746243,1
Treatment1 Age10 Stock217 - Treatment2 Age4 Stock42,-0.0705876796213985,0.05793659348094135,117.23120838926121,-1.2183608904209877,0.9999994818302276
Treatment1 Age10 Stock217 - Treatment0.5 Age6 Stock42,-0.017680224154780586,0.05553466009116253,77.78846762597168,-0.3183637772475376,1
Treatment1 Age10 Stock217 - Treatment1 Age6 Stock42,-0.006491483241039486,0.0708050534130117,91.02268379690547,-0.09168107258071158,1
Treatment1 Age10 Stock217 - Treatment2 Age6 Stock42,0.008235849790366158,0.056997270661414204,110.20774736410945,0.1444955117112587,1
Treatment1 Age10 Stock217 - Treatment0.5 Age8 Stock42,-0.07260330107785835,0.06069684456662727,109.86041816630987,-1.1961626934026413,0.999999649947568
Treatment1 Age10 Stock217 - Treatment1 Age8 Stock42,-0.08704703879659476,0.07601363209894665,119.5025561894479,-1.1451503683350635,0.999999896543897
Treatment1 Age10 Stock217 - Treatment2 Age8 Stock42,0.09402770499398615,0.05914243254590964,126.60170845096013,1.5898518364288892,0.9997912682536658
Treatment1 Age10 Stock217 - Treatment0.5 Age10 Stock42,-0.06004016306582993,0.05007702899871707,53.906007698376065,-1.1989561734456753,0.9999989252309447
Treatment1 Age10 Stock217 - Treatment1 Age10 Stock42,-0.039696761498073496,0.053385529615613006,71.2932682808019,-0.7435865445917366,1
Treatment1 Age10 Stock217 - Treatment2 Age10 Stock42,0.06716217388271399,0.04696741676638208,80.61977259335521,1.4299737670645478,0.9999667683554364
Treatment2 Age10 Stock217 - Treatment0.5 Age0 Stock42,0.18022244805673088,0.058048296081613666,159.08192980585608,3.1046983326322803,0.39650521140638173
Treatment2 Age10 Stock217 - Treatment1 Age0 Stock42,0.0963316930442033,0.063386748996068,79.42540580416654,1.5197449714636562,0.9998791863617513
Treatment2 Age10 Stock217 - Treatment2 Age0 Stock42,0.12722093660503156,0.050134842422491686,184.46985159114254,2.5375752761508075,0.8239750268196068
Treatment2 Age10 Stock217 - Treatment0.5 Age2 Stock42,0.11061342477100077,0.06138147128836917,193.79380169998942,1.8020653863336162,0.9981398288279668
Treatment2 Age10 Stock217 - Treatment1 Age2 Stock42,0.054160030042605986,0.07388522351950827,138.42598265843412,0.7330292508123205,1
Treatment2 Age10 Stock217 - Treatment2 Age2 Stock42,0.041072538219338,0.050831811809710255,193.4839139103609,0.8080085434116285,0.9999999999973473
Treatment2 Age10 Stock217 - Treatment0.5 Age4 Stock42,0.13555660658918237,0.05428152159795284,124.9965867022382,2.4972882594045545,0.843626272935201
Treatment2 Age10 Stock217 - Treatment1 Age4 Stock42,0.11000418588676183,0.06887645828212753,106.16795692060275,1.597123148175962,0.9997429721977078
Treatment2 Age10 Stock217 - Treatment2 Age4 Stock42,0.05752415112256411,0.05529470196514467,253.30223703739378,1.0403193991139474,0.9999999961183734
Treatment2 Age10 Stock217 - Treatment0.5 Age6 Stock42,0.11043160658918201,0.05454503150921326,127.28953107119982,2.0245951562156286,0.9862665789636104
Treatment2 Age10 Stock217 - Treatment1 Age6 Stock42,0.12162034750292312,0.07086639045966872,118.42593706455777,1.7161922134603336,0.9990539888521985
Treatment2 Age10 Stock217 - Treatment2 Age6 Stock42,0.13634768053432877,0.05430970506354113,239.7655155302649,2.510558294780004,0.8415985669383081
Treatment2 Age10 Stock217 - Treatment0.5 Age8 Stock42,0.055508529666104214,0.059792716372861154,177.25349953246447,0.9283493547936308,0.9999999998016206
Treatment2 Age10 Stock217 - Treatment1 Age8 Stock42,0.041064791947367896,0.07607076950338283,153.89866701770782,0.5398235382059828,1
Treatment2 Age10 Stock217 - Treatment2 Age8 Stock42,0.2221395357379487,0.0565568963848423,270.8062610201174,3.9277179254391315,0.04284835007904242
Treatment2 Age10 Stock217 - Treatment0.5 Age10 Stock42,0.06807166767813266,0.050144577518435006,79.38132020294496,1.357508050658259,0.9999892692479204
Treatment2 Age10 Stock217 - Treatment1 Age10 Stock42,0.08841506924588909,0.05268421854071901,117.2850937335665,1.678207852272766,0.9993724360542087
Treatment2 Age10 Stock217 - Treatment2 Age10 Stock42,0.1952740046266766,0.041894385339775554,241.04470323449127,4.661102031762683,0.0027038135520286444
Treatment0.5 Age0 Stock42 - Treatment1 Age0 Stock42,-0.08389075501252759,0.07292095333064438,108.37479698057561,-1.1504341506911326,0.9999998691017441
Treatment0.5 Age0 Stock42 - Treatment2 Age0 Stock42,-0.053001511451699346,0.060051467938741804,261.0903796377175,-0.8826014295897965,0.9999999999683338
Treatment0.5 Age0 Stock42 - Treatment0.5 Age2 Stock42,-0.06960902328573011,0.047551811373897065,659.1129736310567,-1.4638563973598924,0.9999811591374275
Treatment0.5 Age0 Stock42 - Treatment1 Age2 Stock42,-0.12606241801412493,0.08220794363068523,163.7395539394561,-1.5334578685054279,0.9999151883800339
Treatment0.5 Age0 Stock42 - Treatment2 Age2 Stock42,-0.13914990983739295,0.060617986039193605,268.25506699189384,-2.2955218232988335,0.9375504479577377
Treatment0.5 Age0 Stock42 - Treatment0.5 Age4 Stock42,-0.044665841467548525,0.03794698057030113,664.6316458588161,-1.1770591703548043,0.9999999220582936
Treatment0.5 Age0 Stock42 - Treatment1 Age4 Stock42,-0.07021826216996904,0.07773728993827789,133.72890131848504,-0.90327643561695,0.9999999998770682
Treatment0.5 Age0 Stock42 - Treatment2 Age4 Stock42,-0.12269829693416681,0.06440629786755521,317.330344678607,-1.9050667558393588,0.9956721946817544
Treatment0.5 Age0 Stock42 - Treatment0.5 Age6 Stock42,-0.06979084146754888,0.038322972350208664,664.3631086834885,-1.8211228719363382,0.9982202265292774
Treatment0.5 Age0 Stock42 - Treatment1 Age6 Stock42,-0.058602100553807795,0.07950575474920321,145.24907726950354,-0.7370799854509286,1
Treatment0.5 Age0 Stock42 - Treatment2 Age6 Stock42,-0.04387476752240215,0.06356265573179663,306.4273553422232,-0.6902601380837868,1
Treatment0.5 Age0 Stock42 - Treatment0.5 Age8 Stock42,-0.12471391839062668,0.04548250959060212,660.0880880846543,-2.742019284186461,0.6840453837194473
Treatment0.5 Age0 Stock42 - Treatment1 Age8 Stock42,-0.13915765610936304,0.08417767943044654,177.8382650433045,-1.6531419855110734,0.9996193295151679
Treatment0.5 Age0 Stock42 - Treatment2 Age8 Stock42,0.041917087681217824,0.06549312687813785,331.2970807036283,0.6400226967207164,1
Treatment0.5 Age0 Stock42 - Treatment0.5 Age10 Stock42,-0.11215078037859824,0.049900028687070275,441.7251420998042,-2.2475093367563117,0.9531285584843131
Treatment0.5 Age0 Stock42 - Treatment1 Age10 Stock42,-0.0918073788108418,0.06323652946336665,171.2197597664185,-1.4518092562942824,0.9999750406888432
Treatment0.5 Age0 Stock42 - Treatment2 Age10 Stock42,0.015051556569945668,0.05259713609610183,319.6589727110184,0.28616684646944485,1
Treatment1 Age0 Stock42 - Treatment2 Age0 Stock42,0.030889243560828242,0.06551958792886689,128.27557095352063,0.4714505163610611,1
Treatment1 Age0 Stock42 - Treatment0.5 Age2 Stock42,0.014281731726797467,0.07564578546713538,124.35375576398668,0.18879745432747502,1
Treatment1 Age0 Stock42 - Treatment1 Age2 Stock42,-0.04217166300159735,0.05166004915802617,652.3418250471339,-0.8163302917617404,0.9999999999983632
Treatment1 Age0 Stock42 - Treatment2 Age2 Stock42,-0.05525915482486536,0.06601639264701699,133.0150720637797,-0.8370520200994699,0.9999999999872047
Treatment1 Age0 Stock42 - Treatment0.5 Age4 Stock42,0.03922491354497905,0.07000773834658568,92.20132727073884,0.5602939685151545,1
Treatment1 Age0 Stock42 - Treatment1 Age4 Stock42,0.013672492842558531,0.044200689247698835,654.2024500312726,0.30932759364765666,1
Treatment1 Age0 Stock42 - Treatment2 Age4 Stock42,-0.038807541921639224,0.0695111147348501,160.66406921161564,-0.5582926136297837,1
Treatment1 Age0 Stock42 - Treatment0.5 Age6 Stock42,0.014099913544978693,0.07021225180661883,93.2704678256259,0.20081842103302988,1
Treatment1 Age0 Stock42 - Treatment1 Age6 Stock42,0.025288654458719806,0.047241715900930285,653.3460546322867,0.5353034701735256,1
Treatment1 Age0 Stock42 - Treatment2 Age6 Stock42,0.04001598749012542,0.06873016128568407,154.26954869727066,0.5822187339819385,1
Treatment1 Age0 Stock42 - Treatment0.5 Age8 Stock42,-0.04082316337809909,0.07436241505398006,116.55446476832591,-0.5489757607854094,1
Treatment1 Age0 Stock42 - Treatment1 Age8 Stock42,-0.055266901096835463,0.05474026303662401,651.7720694916835,-1.0096206709832416,0.9999999989243294
Treatment1 Age0 Stock42 - Treatment2 Age8 Stock42,0.1258078426937454,0.07051931320534191,169.09030721427882,1.7840196816354605,0.9983717451445728
Treatment1 Age0 Stock42 - Treatment0.5 Age10 Stock42,-0.02826002536607064,0.06634767441227118,72.03162626793119,-0.425938446470158,1
Treatment1 Age0 Stock42 - Treatment1 Age10 Stock42,-0.007916623798314218,0.05705806211696447,227.78831714181536,-0.13874680465112488,1
Treatment1 Age0 Stock42 - Treatment2 Age10 Stock42,0.09894231158247327,0.062476644624350444,109.5036411993912,1.5836687801878244,0.9997874810946814
Treatment2 Age0 Stock42 - Treatment0.5 Age2 Stock42,-0.01660751183403076,0.06307579874511765,308.0108407846588,-0.26329451492385986,1
Treatment2 Age0 Stock42 - Treatment1 Age2 Stock42,-0.07306090656242559,0.07561409354819454,207.82616426451796,-0.9662339801224805,0.999999999452427
Treatment2 Age0 Stock42 - Treatment2 Age2 Stock42,-0.0861483983856936,0.02939763016065038,649.3357643925341,-2.93045384661672,0.5278118458412759
Treatment2 Age0 Stock42 - Treatment0.5 Age4 Stock42,0.008335669984150824,0.05619034576151598,218.6512909939524,0.1483470135515666,1
Treatment2 Age0 Stock42 - Treatment1 Age4 Stock42,-0.017216750718269724,0.07072786858146564,165.29848492173022,-0.24342244526199966,1
Treatment2 Age0 Stock42 - Treatment2 Age4 Stock42,-0.06969678548246747,0.03657665420208302,648.485392473024,-1.9054992044214443,0.9960270929901084
Treatment2 Age0 Stock42 - Treatment0.5 Age6 Stock42,-0.016789330015849535,0.05644494514259681,221.85958754746892,-0.29744612158687844,1
Treatment2 Age0 Stock42 - Treatment1 Age6 Stock42,-0.00560058910210845,0.07266711901107435,181.73105747015435,-0.07707184732691727,1
Treatment2 Age0 Stock42 - Treatment2 Age6 Stock42,0.009126743929297187,0.03506981082488765,648.6224041219351,0.2602450288331838,1
Treatment2 Age0 Stock42 - Treatment0.5 Age8 Stock42,-0.07171240693892733,0.06153080773933589,287.749218779431,-1.1654715673931006,0.9999999186429168
Treatment2 Age0 Stock42 - Treatment1 Age8 Stock42,-0.08615614465766364,0.07775105697946634,227.43668195151653,-1.1081025519745287,0.9999999759696367
Treatment2 Age0 Stock42 - Treatment2 Age8 Stock42,0.09491859913291717,0.038458160328990965,648.3360555110664,2.4681003542794158,0.8688949959200616
Treatment2 Age0 Stock42 - Treatment0.5 Age10 Stock42,-0.059149268926898896,0.054605525448873184,129.7866506655672,-1.0832103242423698,0.9999999785503377
Treatment2 Age0 Stock42 - Treatment1 Age10 Stock42,-0.03880586735914246,0.04906745625854301,302.3287968632951,-0.7908677220736519,1
Treatment2 Age0 Stock42 - Treatment2 Age10 Stock42,0.06805306802164503,0.03523513096338313,647.6548047689397,1.9313981858721283,0.995007721312708
Treatment0.5 Age2 Stock42 - Treatment1 Age2 Stock42,-0.05645339472839483,0.08463262643286394,180.98565086366284,-0.667040562343617,1
Treatment0.5 Age2 Stock42 - Treatment2 Age2 Stock42,-0.06954088655166284,0.0636124560809568,314.850940124394,-1.0931960630974724,0.9999999863914135
Treatment0.5 Age2 Stock42 - Treatment0.5 Age4 Stock42,0.024943181818181594,0.04100619088744121,646.9029846971242,0.6082784398738396,1
Treatment0.5 Age2 Stock42 - Treatment1 Age4 Stock42,-6.09238884238944e-4,0.08029708405593979,150.359512266896,-0.007587310191918196,1
Treatment0.5 Age2 Stock42 - Treatment2 Age4 Stock42,-0.0530892736484367,0.06723225075964688,361.41834060362976,-0.7896399874850112,1
Treatment0.5 Age2 Stock42 - Treatment0.5 Age6 Stock42,-1.818181818187669e-4,0.041354377838982326,646.9029846971548,-0.004396588494855257,1
Treatment0.5 Age2 Stock42 - Treatment1 Age6 Stock42,0.01100692273192233,0.08201036824194383,162.1633243458898,0.13421379476617068,1
Treatment0.5 Age2 Stock42 - Treatment2 Age6 Stock42,0.025734255763327947,0.0664245100914014,351.18245993966735,0.38742108489648047,1
Treatment0.5 Age2 Stock42 - Treatment0.5 Age8 Stock42,-0.05510489510489657,0.04806446749266727,646.9029846971548,-1.1464788435095716,0.9999999615607402
Treatment0.5 Age2 Stock42 - Treatment1 Age8 Stock42,-0.06954863282363294,0.08654719622976706,195.2453696139893,-0.803591980484197,0.9999999999977929
Treatment0.5 Age2 Stock42 - Treatment2 Age8 Stock42,0.11152611096694795,0.0682741093349423,374.44609310854173,1.6335051757294698,0.9997653257535333
Treatment0.5 Age2 Stock42 - Treatment0.5 Age10 Stock42,-0.04254175709286813,0.05309721166834021,518.1660552819794,-0.8012051058084867,0.9999999999990925
Treatment0.5 Age2 Stock42 - Treatment1 Age10 Stock42,-0.022198355525111686,0.06628282162603895,202.03965016957474,-0.33490359916107054,1
Treatment0.5 Age2 Stock42 - Treatment2 Age10 Stock42,0.0846605798556758,0.0558951772599669,381.9456553636688,1.5146312080185704,0.9999538357914823
Treatment1 Age2 Stock42 - Treatment2 Age2 Stock42,-0.013087491823268006,0.07604242730235741,213.2393444949122,-0.17210775993814542,1
Treatment1 Age2 Stock42 - Treatment0.5 Age4 Stock42,0.08139657654657642,0.07963341023960252,145.89987634041734,1.0221410373066888,0.9999999961837135
Treatment1 Age2 Stock42 - Treatment1 Age4 Stock42,0.05584415584415586,0.056725381185772375,646.9029846971548,0.9844650609093212,0.9999999994817257
Treatment1 Age2 Stock42 - Treatment2 Age4 Stock42,0.003364121079958135,0.07909539634890704,241.64786102552185,0.042532451131773376,1
Treatment1 Age2 Stock42 - Treatment0.5 Age6 Stock42,0.05627157654657607,0.07981326269324467,147.10201957179632,0.7050404237056563,1
Treatment1 Age2 Stock42 - Treatment1 Age6 Stock42,0.06746031746031715,0.0591256937546085,646.9029846971548,1.1409644974365991,0.9999999663051504
Treatment1 Age2 Stock42 - Treatment2 Age6 Stock42,0.0821876504917228,0.07840995933084871,235.19627073282595,1.0481787159834406,0.9999999949531635
Treatment1 Age2 Stock42 - Treatment0.5 Age8 Stock42,0.001348499623498249,0.08348751625629565,172.65942249386842,0.016152110925884217,1
Treatment1 Age2 Stock42 - Treatment1 Age8 Stock42,-0.013095238095238104,0.06527299853705455,646.9029846971548,-0.20062259109797329,1
Treatment1 Age2 Stock42 - Treatment2 Age8 Stock42,0.16797950569534278,0.0799828743348369,250.05114201499165,2.100193411306032,0.9798507764257081
Treatment1 Age2 Stock42 - Treatment0.5 Age10 Stock42,0.013911637635526698,0.07645402890787502,120.77553373740487,0.18196081794838875,1
Treatment1 Age2 Stock42 - Treatment1 Age10 Stock42,0.03425503920328314,0.06811769265401801,366.90319892072563,0.5028802043731961,1
Treatment1 Age2 Stock42 - Treatment2 Age10 Stock42,0.14111397458407063,0.07304295990281309,187.36932187970137,1.9319312192691678,0.9939196164211037
Treatment2 Age2 Stock42 - Treatment0.5 Age4 Stock42,0.09448406836984444,0.056792104540294965,226.07133751633947,1.6636831674868886,0.9996068817203041
Treatment2 Age2 Stock42 - Treatment1 Age4 Stock42,0.06893164766742389,0.07118560950779504,170.41607706937322,0.9683368330206636,0.9999999992995838
Treatment2 Age2 Stock42 - Treatment2 Age4 Stock42,0.016451612903226137,0.036901071108771236,646.9029846971548,0.44583022684443585,1
Treatment2 Age2 Stock42 - Treatment0.5 Age6 Stock42,0.06935906836984408,0.057044018209342864,229.2736791368704,1.215886793165707,0.999999717545635
Treatment2 Age2 Stock42 - Treatment1 Age6 Stock42,0.08054780928358518,0.07311271977083637,186.9857252286585,1.1016935156571013,0.9999999762052176
Treatment2 Age2 Stock42 - Treatment2 Age6 Stock42,0.09527514231499079,0.035408036483957156,646.9029846971548,2.6907773425436488,0.7239653913427133
Treatment2 Age2 Stock42 - Treatment0.5 Age8 Stock42,0.014435991446766269,0.062080822178609975,294.78858594108704,0.23253544235018536,1
Treatment2 Age2 Stock42 - Treatment1 Age8 Stock42,-7.746271970088259e-6,0.07816768173832088,232.9249001776888,-9.909814130116041e-5,1
Treatment2 Age2 Stock42 - Treatment2 Age8 Stock42,0.18106699751861077,0.03876683521060503,646.9029846971548,4.670667505741562,0.0019725292038799136
Treatment2 Age2 Stock42 - Treatment0.5 Age10 Stock42,0.02699912945879471,0.05525856768052922,135.55681778767965,0.4885962592242155,1
Treatment2 Age2 Stock42 - Treatment1 Age10 Stock42,0.04734253102655114,0.04959511733385239,316.59569791777443,0.9545804823459165,0.9999999997147959
Treatment2 Age2 Stock42 - Treatment2 Age10 Stock42,0.15420146640733862,0.036049897343452174,644.9324475261014,4.277445367964316,0.010485110110917573
Treatment0.5 Age4 Stock42 - Treatment1 Age4 Stock42,-0.02555242070242053,0.07500946791806211,116.71797848744518,-0.34065593866541166,1
Treatment0.5 Age4 Stock42 - Treatment2 Age4 Stock42,-0.07803245546661829,0.06081919196826086,278.2308727705999,-1.2830235480165595,0.9999989968986973
Treatment0.5 Age4 Stock42 - Treatment0.5 Age6 Stock42,-0.025125000000000355,0.029815820228755046,646.9029846971548,-0.8426734467552646,0.999999999995183
Treatment0.5 Age4 Stock42 - Treatment1 Age6 Stock42,-0.013936259086259256,0.07684073834004565,127.8672324512117,-0.1813655020412051,1
Treatment0.5 Age4 Stock42 - Treatment2 Age6 Stock42,7.910739451463741e-4,0.059925070799681325,266.52172643594423,0.013201051489630964,1
Treatment0.5 Age4 Stock42 - Treatment0.5 Age8 Stock42,-0.08004807692307817,0.038587453982062536,646.9029846971548,-2.0744586300067556,0.9845963999514875
Treatment0.5 Age4 Stock42 - Treatment1 Age8 Stock42,-0.0944918146418145,0.08166526645213334,159.75286579743937,-1.1570624666632197,0.9999998987859436
Treatment0.5 Age4 Stock42 - Treatment2 Age8 Stock42,0.08658292914876636,0.06196896461087422,293.32047025507535,1.3971982538751813,0.9999921192572334
Treatment0.5 Age4 Stock42 - Treatment0.5 Age10 Stock42,-0.06748493891104972,0.04470025118963711,383.8373503300031,-1.5097216931679078,0.9999571182658515
Treatment0.5 Age4 Stock42 - Treatment1 Age10 Stock42,-0.047141537343293266,0.05976797647715229,141.04469830702584,-0.788742402234652,1
Treatment0.5 Age4 Stock42 - Treatment2 Age10 Stock42,0.05971739803749421,0.04799030537918313,256.64315670531846,1.244363784844719,0.9999995194640547
Treatment1 Age4 Stock42 - Treatment2 Age4 Stock42,-0.05248003476419773,0.074438041178907,198.71763990102846,-0.705016332147502,1
Treatment1 Age4 Stock42 - Treatment0.5 Age6 Stock42,4.274207024201615e-4,0.075200380003713,117.85445380697972,0.005683757215044096,1
Treatment1 Age4 Stock42 - Treatment1 Age6 Stock42,0.011616161616161275,0.05273317658671542,646.9029846971548,0.22028184850687768,1
Treatment1 Age4 Stock42 - Treatment2 Age6 Stock42,0.02634349464756689,0.07370930723611034,192.23507135464243,0.35739712711152927,1
Treatment1 Age4 Stock42 - Treatment0.5 Age8 Stock42,-0.05449565622065762,0.07908922569861959,142.29189319550414,-0.6890402041400789,1
Treatment1 Age4 Stock42 - Treatment1 Age8 Stock42,-0.06893939393939397,0.05954413983743728,646.9029846971548,-1.1577863770911272,0.9999999497887291
Treatment1 Age4 Stock42 - Treatment2 Age8 Stock42,0.11213534985118688,0.07538037170128753,207.20759092502544,1.487593485152204,0.9999612194549925
Treatment1 Age4 Stock42 - Treatment0.5 Age10 Stock42,-0.04193251820862916,0.07162512678668113,94.09365402302447,-0.5854442440781356,1
Treatment1 Age4 Stock42 - Treatment1 Age10 Stock42,-0.02158911664087272,0.06264950361710153,296.85855445056757,-0.34460155938058395,1
Treatment1 Age4 Stock42 - Treatment2 Age10 Stock42,0.08526981873991475,0.06797215784662071,145.31009786335434,1.2544815618819436,0.9999991244066947
Treatment2 Age4 Stock42 - Treatment0.5 Age6 Stock42,0.05290745546661793,0.06105449194796575,281.31745681015866,0.8665612271691457,0.9999999999827796
Treatment2 Age4 Stock42 - Treatment1 Age6 Stock42,0.064096196380359,0.07628303065456447,215.44418608505802,0.8402418707065847,0.9999999999916829
Treatment2 Age4 Stock42 - Treatment2 Age6 Stock42,0.07882352941176465,0.041561520920264904,646.9029846971548,1.8965506474843956,0.9963344077637314
Treatment2 Age4 Stock42 - Treatment0.5 Age8 Stock42,-0.002015621456459879,0.06578494855153849,343.0043705318865,-0.030639553588474158,1
Treatment2 Age4 Stock42 - Treatment1 Age8 Stock42,-0.016459359175196198,0.08114072616078685,261.08362772259784,-0.20284954244284994,1
Treatment2 Age4 Stock42 - Treatment2 Age8 Stock42,0.16461538461538464,0.04445782817235434,646.9029846971548,3.7027311360600628,0.08243310975586537
Treatment2 Age4 Stock42 - Treatment0.5 Age10 Stock42,0.010547516555568556,0.05938973207264036,175.17646566034477,0.17759831855560065,1
Treatment2 Age4 Stock42 - Treatment1 Age10 Stock42,0.030890918123325006,0.05416000957270009,390.5241259196949,0.5703639708899884,1
Treatment2 Age4 Stock42 - Treatment2 Age10 Stock42,0.1377498535041125,0.042109690951487824,668.1282982723435,3.2712150194311866,0.2699440120375154
Treatment0.5 Age6 Stock42 - Treatment1 Age6 Stock42,0.011188740913741085,0.07702711174641956,129.03256675511156,0.1452571784149906,1
Treatment0.5 Age6 Stock42 - Treatment2 Age6 Stock42,0.025916073945146716,0.06016386777542533,269.64504021692284,0.4307581095331849,1
Treatment0.5 Age6 Stock42 - Treatment0.5 Age8 Stock42,-0.0549230769230778,0.03895726479323005,646.9029846971548,-1.4098288782487183,0.999992205895447
Treatment0.5 Age6 Stock42 - Treatment1 Age8 Stock42,-0.06936681464181416,0.08184065383444822,160.97588170040254,-0.8475838277408336,0.9999999999853151
Treatment0.5 Age6 Stock42 - Treatment2 Age8 Stock42,0.11170792914876672,0.062199915195246286,296.3514565782124,1.7959498626021302,0.9984371665133147
Treatment0.5 Age6 Stock42 - Treatment0.5 Age10 Stock42,-0.04235993891104936,0.045019877074118045,389.8483783608995,-0.9409163610400464,0.9999999998330618
Treatment0.5 Age6 Stock42 - Treatment1 Age10 Stock42,-0.02201653734329291,0.0600073986065508,143.1109301779897,-0.3668970469399659,1
Treatment0.5 Age6 Stock42 - Treatment2 Age10 Stock42,0.08484239803749456,0.048288158856383184,261.4110497790986,1.7570021315128128,0.9989246834230487
Treatment1 Age6 Stock42 - Treatment2 Age6 Stock42,0.014727333031405644,0.07557208985147806,208.94881162024387,0.19487793787824703,1
Treatment1 Age6 Stock42 - Treatment0.5 Age8 Stock42,-0.0661118178368189,0.08082811647502224,153.9739126651635,-0.817930946804247,0.9999999999948339
Treatment1 Age6 Stock42 - Treatment1 Age8 Stock42,-0.08055555555555521,0.061835130631970506,646.9029846971548,-1.3027473983196491,0.9999988868642049
Treatment1 Age6 Stock42 - Treatment2 Age8 Stock42,0.10051918823502562,0.07720284469575484,223.93158196505573,1.3020140466475956,0.9999983767437155
Treatment1 Age6 Stock42 - Treatment0.5 Age10 Stock42,-0.05354867982479043,0.0735407205465157,104.21762354556355,-0.7281500565515948,1
Treatment1 Age6 Stock42 - Treatment1 Age10 Stock42,-0.033205278257034024,0.06483084986919257,325.1738885460992,-0.5121832942809079,1
Treatment1 Age6 Stock42 - Treatment2 Age10 Stock42,0.07365365712375346,0.0699878063209477,161.46625398460114,1.0523784212637703,0.9999999922701819
Treatment2 Age6 Stock42 - Treatment0.5 Age8 Stock42,-0.08083915086822452,0.06495921377759446,332.3631939833252,-1.2444601183905848,0.9999995750992817
Treatment2 Age6 Stock42 - Treatment1 Age8 Stock42,-0.09528288858696088,0.08047271239727448,254.71006952207912,-1.1840397291018614,0.9999998675333268
Treatment2 Age6 Stock42 - Treatment2 Age8 Stock42,0.08579185520361998,0.043226594643543635,646.9029846971548,1.9847007591294017,0.9922043843829206
Treatment2 Age6 Stock42 - Treatment0.5 Age10 Stock42,-0.06827601285619608,0.058473757142282666,165.99188391340073,-1.1676351271573304,0.9999998756685051
Treatment2 Age6 Stock42 - Treatment1 Age10 Stock42,-0.04793261128843964,0.053153989836978506,374.74856117887765,-0.9017688311911738,0.9999999999518576
Treatment2 Age6 Stock42 - Treatment2 Age10 Stock42,0.058926324092347826,0.0408076717138391,665.145182856685,1.44400113061006,0.9999863226547682
Treatment0.5 Age8 Stock42 - Treatment1 Age8 Stock42,-0.01444373771873636,0.08542775362231136,186.8584012224036,-0.16907547145151733,1
Treatment0.5 Age8 Stock42 - Treatment2 Age8 Stock42,0.1666310060718445,0.06684936738070286,356.58007369689176,2.4926340009007353,0.8537298153248641
Treatment0.5 Age8 Stock42 - Treatment0.5 Age10 Stock42,0.01256313801202845,0.051252295564911565,493.2734580508779,0.24512342078643296,1
Treatment0.5 Age8 Stock42 - Treatment1 Age10 Stock42,0.03290653957978487,0.06481432215513658,187.51202611477592,0.5077047554554577,1
Treatment0.5 Age8 Stock42 - Treatment2 Age10 Stock42,0.13976547496057234,0.0541456808493868,355.08796134302264,2.581285760342511,0.8001757495230563
Treatment1 Age8 Stock42 - Treatment2 Age8 Stock42,0.18107474379058086,0.08200607236766928,269.36765305106144,2.20806506838595,0.9610347374072529
Treatment1 Age8 Stock42 - Treatment0.5 Age10 Stock42,0.027006875730764768,0.0785681503826792,133.6389168303044,0.3437382145210662,1
Treatment1 Age8 Stock42 - Treatment1 Age10 Stock42,0.047350277298521246,0.07048230821146795,395.72743683769875,0.6718037263543681,1
Treatment1 Age8 Stock42 - Treatment2 Age10 Stock42,0.1542092126793087,0.07525297143417704,207.01375158431605,2.0492109446361706,0.9853763688352465
Treatment2 Age8 Stock42 - Treatment0.5 Age10 Stock42,-0.15406786805981604,0.06056664708345362,187.27427279691742,-2.543774098102688,0.8203463395234577
Treatment2 Age8 Stock42 - Treatment1 Age10 Stock42,-0.13372446649205966,0.05544803964241276,410.1462693059681,-2.411707742139408,0.894964613377049
Treatment2 Age8 Stock42 - Treatment2 Age10 Stock42,-0.026865531111272156,0.04375390880025955,670.8816995795269,-0.6140144240350199,1
Treatment0.5 Age10 Stock42 - Treatment1 Age10 Stock42,0.020343401567756422,0.05635025615713955,96.42805684437198,0.36101702024257654,1
Treatment0.5 Age10 Stock42 - Treatment2 Age10 Stock42,0.12720233694854394,0.047685618965393944,141.41812955690577,2.6675198877224657,0.736089861922365
Treatment1 Age10 Stock42 - Treatment2 Age10 Stock42,0.10685893538078749,0.04776599452640326,242.83483227150782,2.2371341042992383,0.953663405235925
