Virgin Vial Number,F1v
1,1
2,2
3,3
4,4
5,5
6,6
1,8
1,9
2,10
4,11
5,12
5,13
7,14
7,15
1,16
21,38
19,37
18,36
16,35
14,34
14,33
12,32
12,31
11,30
10,29
10,28
9,27
7,26
8,25
6,24
5,23
4,22
4,21
3,20
3,19
2,18
2,17
1,16
1,39
1,40
3,41
3,42
4,43
4,44
7,45
7,46
10,47
11,48
13,49
19,50
20,51
16,52
4,53
14,54
15,55
20,56
19,57
7,58
18,59
9,60
8,61
10,62
12,63
13,64
11,65
21,66
3,67
6,68
5,69
2,70
1,71
3,72
14,73
5,74
4,75
18,76
13,77
2,78
1,79
6,80
7,81
10,82
9,83
12,84
19,85
21,86
11,87
1,88
1,89
4,90
4,91
6,92
6,93
9,94
9,95
10,96
10,97
14,98
15,99
15,100
19,101
19,102
21,103
21,104
26,105
1,106
1,107
6,108
6,109
10,110
10,111
15,112
15,113
16,114
16,115
20,116
20,117
26,118
16,119
23,120
10,121
2,122
21,123
20,124
5,125
4,126
3,127
8,128
11,129
1,130
15,131
19,132
12,133
6,134
13,135
9,136
18,137
14,138
23,139
20,140
21,141
27,142
26,143
24,144
14,145
18,146
19,147
8,148
16,149
13,150
10,151
15,152
11,153
5,154
2,155
6,156
7,157
3,158
1,159
12,160
3,161
3,162
5,163
5,164
8,165
8,166
10,167
10,168
12,169
14,170
15,171
15,172
16,173
16,174
18,176
18,175
19,176
19,177
20,178
20,179
21,180
21,181
23,182
23,183
24,184
27,185
27,186
5,198
5,199
8,200
8,201
3,202
3,203
6,204
6,205
9,206
9,207
11,208
11,209
21,210
15,211
19,224
20,225
12,226
14,223
18,222
16,212
25,213
26,214
23,215
22,216
33,217
31,218
32,219
24,220
15,221
6,231
1,242
9,243
10,244
10,245
16,246
16,247
19,247
19,248
21,249
24,250
27,251
22,252
22,253
32,254
31,274
32,275
33,276
30,277
27,278
12,279
20,280
3,281
4,282
25,283
14,263
4,262
23,264
11,266
28,267
8,265
29,269
24,270
19,268
9,271
15,272
5,274
22,255
10,257
26,260
21,261
18,259
12,284
6,285
10,286
27,287
29,289
16,290
31,291
18,292
3,293
32,294
25,295
24,296
28,297
15,298
21,299
33,300
23,301
22,302
26,303
24,304
10,360
2,361
4,362
7,363
11,364
12,365
2,366
36,367
4,368
10,369
1,370
11,220
15,355
6,326
9,354
3,329
5,353
25,328
10,352
23,327
24,351
26,323
9,350
33,325
14,349
35,324
27,338
28,336
21,347
32,322
29,346
19,332
15,345
18,344
36,320
31,319
22,343
23,318
26,229
19,239
19,421
29,316
1,340
30,339
33,315
30,314
10,338
3,313
24,337
6,427
12,359
25,311
11,361
38,310
21,335
16,358
38,309
27,334
37,308
14,357
32,333
35,307
19,342
12,356
22,306
31,331
16,227
25,228
11,341
23,230
22,231
33,232
31,233
32,234
27,235
24,236
15,237
18,238
26,212
20,240
37,416
37,417
38,418
38,419
28,321
6,317
16,422
25,423
35,424
35,425
36,426
19,420
12,428
36,429
24,430
1,460
41,446
37,436
11,431
21,432
5,433
12,434
38,435
35,424
9,437
34,449
3,439
25,440
36,441
33,442
23,443
43,444
40,445
41,446
6,448
11,462
24,450
31,451
35,452
34,453
11,454
10,455
36,457
37,436
39,486
40,469
31,463
34,465
26,473
23,470
29,478
22,476
36,474
36,483
43,489
22,438
32,490
33,493
8,480
36,494
35,492
32,491
43,488
39,487
41,485
36,484
6,482
8,481
29,479
30,475
37,477
23,471
26,472
44,467
40,468
11,464
34,466
1,459
11,461
16,458
44,447
8,495
1,498
36,499
34,501
34,504
44,506
41,507
43,509
33,511
25,513
28,516
37,518
15,520
12,521
3,524
33,525
21,527
20,528
19,530
9,531
4,533
6,534
35,535
24,536
40,540
43,543
36,546
16,548
37,549
8,496
1,497
36,500
34,502
34,503
44,505
41,508
43,510
33,512
25,514
28,515
37,517
15,519
12,522
3,523
33,524
21,526
30,529
1,532
35,536
31,537
44,539
40,541
43,542
33,544
36,545
16,547
37,550
5,622
40,617
40,618
41,619
24,624
37,630
37,631
44,634
35,636
23,614
23,616
43,615
43,620
32,625
32,627
5,632
31,633
18,639
30,637
39,638
9,629
22,628
37,613
37,626
15,621
21,623
21,612
29,611
29,635
39,610
3,609
3,608
14,607
19,606
28,605
28,604
16,603
41,602
41,601
40,600
40,599
42,598
43,597
43,596
23,595
23,594
32,593
32,592
33,591
33,590
26,589
26,588
25,587
36,586
4,585
4,584
30,583
12,582
12,581
11,580
11,579
34,578
19,577
19,576
35,575
31,574
28,573
28,572
34,571
34,570
6,569
6,568
44,567
9,566
14,565
14,564
8,563
36,562
16,561
1,560
33,559
1,558
21,557
21,556
15,555
15,554
18,553
18,552
20,551
39,610
29,611
21,612
37,613
23,614
43,615
23,616
41,619
40,618
40,617
43,620
15,621
21,623
24,624
32,625
37,626
32,627
22,628
9,629
37,630
37,631
5,632
31,633
44,634
29,635
35,636
30,637
39,638
18,639
44,910
35,912
32,914
5,916
29,918
15,920
37,922
39,924
3,926
40,928
40,930
23,932
32,934
26,936
10,938
12,940
28,943
40,944
38,945
31,947
28,949
40,951
36,953
10,955
19,957
34,959
35,961
37,963
5,968
12,969
40,970
30,972
41,974
4,976
16,978
44,909
35,911
32,913
31,915
29,917
15,919
37,921
39,923
3,925
16,927
40,929
23,931
32,933
26,935
10,937
12,939
28,941
28,950
34,958
10,954
19,956
31,948
40,952
35,943
38,946
41,964
35,960
29,962
5,965
40,966
30,967
4,971
41,973
6,975
16,977
38,984
40,982
37,980
31,987
5,988
42,991
37,992
10,995
6,996
16,998
21,997
16,994
6,993
10,990
37,986
22,979
42,989
31,981
37,983
40,985
38,999
40,1000
37,1002
39,1005
5,1006
10,1009
4,1011
28,1013
34,1015
38,1001
40,1003
37,1004
39,1007
5,1008
10,1010
4,1012
28,1014
34,1016
10,1017
21,1018
16,1019
12,1020
39,1021
30,1022
6,1023
33,1024
11,1025
36,1026
19,1027
4,1028
36,1029
30,1030
8,1031
28,1032
1,1033
23,1034
42,1035
3,1036
34,1037
14,1038
15,1039
15,1040
14,1041
3,1032
34,1043
25,1044
23,1045
14,1046
21,1047
30,1048
6,1049
28,1050
36,1052
26,1052
28,1033
43,1054
19,1055
16,1056
11,1057
4,1058
10,1059
38,1093
40,1095
24,1096
32,1099
5,1101
12,1103
8,1105
43,1107
36,1109
30,1111
19,1113
9,1115
8,1117
1,1117
21,1122
38,1092
40,1094
24,1097
32,1098
5,1100
12,1102
8,1104
43,1106
36,1108
30,1100
19,1112
9,1114
8,1116
16,1120
33,1121
38,1123
41,1125
37,1127
32,1129
23,1131
22,1133
3,1135
23,1137
20,1139
28,1141
9,1143
16,1145
2,1146
38,1124
41,1126
37,1128
23,1130
22,1132
3,1134
23,1136
26,1138
28,1140
16,1142
2,1144
38,1145
25,1146
41,1147
35,1148
35,1149
35,1149
42,1150
32,1151
32,1152
43,1153
23,1154
29,1155
3,1156
3,1157
4,1157
4,1158
26,1159
30,1160
30,1161
36,1162
36,1163
25,1164
10,1165
19,1166
28,1167
6,1168
6,1169
15,1170
15,1171
14,1172
14,1173
1,1174
36,1175
36,1176
16,1177
33,1178
21,1179
21,1180
3,1249
30,1250
40,1229
36,1230
26,1237
15,1239
29,1240
1,1243
36,1245
21,1246
2,1247
16,1248
14,1228
37,1227
42,1226
31,1222
23,1220
38,1219
35,1216
24,1215
41,1213
43,1210
21,1255
15,1254
3,1253
37,1252
42,1251
2,1244
22,1231
23,1232
1,1233
40,1234
26,1235
32,1236
41,1238
31,1241
16,1242
36,1225
38,1223
39,1223
30,1221
25,1218
24,1217
43,1214
35,1212
23,1211
41,1262
32,1264
30,1266
28,1268
37,1256
25,1257
25,1263
35,1265
32,1267
30,1269
15,1260
37,1261
29,1259
4,1189
28,1190
19,1191
6,1192
11,1193
12,1194
5,1195